div_type,ret_fwd_1,ret_fwd_3,ret_fwd_6,ret_fwd_12,ret_fwd_24
bearish,0.0005394948786521248,-0.002188807793388814,-0.002551040069055377,0.0072369384436343775,0.008138665597952954
bearish,-8.408693059769323e-05,-0.0001223082626875538,-0.0010701972985162067,-0.0025455483614514884,0.005664393771451559
bearish,0.0017415064030386063,0.0024846492215766514,0.008294667387290122,0.0005779999699739857,0.007371376240448146
bearish,-0.00526141511176792,-0.007729547385922797,-0.006828006650655749,-0.008446332902272258,-0.004537225198595896
bearish,0.0006579141902480767,-0.0008870753126940523,-0.0004657219314586625,0.00047310683343670945,-0.0039844466128506895
bearish,0.0015065858388727538,0.003078993389152629,0.002771832716109701,0.004007818185864487,0.00522916929511652
bearish,-0.0003276110625344275,-0.005314579458892688,-0.002242308436656848,-0.002271429419993143,0.0019438329179504166
bearish,0.001420992810658106,0.00022590142118161793,-0.0037528784486612343,-0.026568914700854873,-0.034679511722676915
bearish,0.0003764309941205468,0.001882154970602512,0.004583600928408815,0.011661979817851442,0.013396514790759761
bearish,0.00035348689828573754,0.00048334644228664736,0.006571977914802352,0.0016375893754649873,0.004212986706100708
bearish,0.00013543953790473573,-0.0014114154245060684,0.0006700692927923413,0.001069259509774989,0.0011120370185626616
bearish,0.0006484113967095695,0.0007624249215310019,-0.0014250799927683078,0.0037052079811974448,0.004895156900559083
bearish,0.000621657706789458,0.0011656082002302615,0.0030305813205986354,0.0037158105921994977,-4.94500448583457e-05
bearish,-0.0007561949093342069,-0.0012393239081587293,0.0004131103033426786,-0.0005881500401777595,0.008283218677369364
bearish,0.0007814856453425278,-0.0053470070470811315,-0.004167930296964606,-0.0059022731635087755,-0.010022217499794372
bearish,4.8020854771291255e-05,0.001968855045619833,0.0024422034712217044,0.0017356040337517253,0.01031761679357901
bearish,0.001096919719852929,0.0015768220972887104,0.0031125165608312244,0.010256199380625608,0.010722397117311377
bearish,0.0005703954733573546,0.0008352187904718811,0.0005228630831060066,0.0013105426929851394,-0.01055219063579449
bearish,-0.002071112746200088,-0.003167984957181069,-0.005879514378564044,-0.012086032933417812,-0.015083696118707413
bearish,0.0011318436284277755,-0.00027787944098789374,-0.0011250728586339465,0.006506445447521436,0.0091090236265301
bearish,-0.002276257312652352,0.0006159351441803462,-0.001124732212553825,0.011167057275768943,0.012586363964077751
bearish,-0.0005133436440817318,3.290664385136033e-05,0.002829971371219875,8.555069268489923e-05,0.007410576195333807
bearish,4.57241012952192e-05,-0.0002612432583646296,-0.0005159489041887122,-0.0002742988902013632,0.005192209759997235
bearish,0.0009156251430664231,0.0017462214112400343,0.008476072752957808,0.006049666123831843,-0.0008240626287597808
bearish,-0.001758424666268521,-0.001503392685758831,-0.009087438002107429,-0.01886615166748329,-0.025134734256394453
bearish,0.0009709184819222116,-0.0006406784586729941,0.0038572806171648377,-0.004953699422728941,0.003579866844559465
bearish,-0.00042482675304678086,0.0006903326872527149,0.006405490799989311,0.008576049438440814,-0.00019250325252906375
bearish,-0.0013029383821933083,-0.00642644543973947,-0.007369713626492969,-0.005076004343105289,-0.01948969191096639
bearish,-0.000344039853576672,-0.001651391297167848,0.009928990174221664,0.015419859356507803,0.019396966944650762
bearish,0.0006236129887928765,0.003490839112925803,0.006717330197570259,0.0020402836190869245,-0.0004948111930184185
bearish,-0.000968736034310691,-0.0028588006751311124,-0.0016258620566197424,-0.0011787432166240341,0.00088067528066893
bearish,0.002104795241707702,0.001298408433493492,0.00142142238197418,0.008070633473451938,0.014378171802520212
bearish,-0.0005460023862327024,-0.0011054863128661108,0.006909289455413248,0.0070845494806237586,0.007435062790274394
bearish,0.0017654697126436858,0.0006536323433732338,0.004413657435588636,0.0016643935881646144,0.00035714237823447625
bearish,-0.0041920267504136355,0.001591278075316227,0.003946667414407079,0.0013879931581750604,0.006904915458598504
bearish,0.0017927677522913132,0.0003821806533204075,-0.0008407974373050298,-0.004162294751617335,0.00865118024334488
bearish,-0.00037641744694871804,-0.0007797218543936779,0.008933192624906772,-0.002406389686162025,0.0015392784884149524
bearish,-0.0020647050911292153,0.0013787073777657977,0.0023740601250925586,0.004916268747057639,-0.00308695944582682
bearish,-0.005932249618154084,-0.004125300021819767,-0.004070757418721316,-0.006361833133318839,-0.007139162393628662
bearish,-0.0004083855159270344,-0.0002654505853525446,0.010890280424720844,0.00850121835012252,0.008957255649332918
bearish,-0.0005416357399345983,-0.00040789852019773587,-0.00024072699552646348,-0.0078102603194982745,-0.008686239108775196
bearish,0.0003429468667572877,0.0032411272862078455,0.01664268338315611,0.01613163532775408,0.016454409244956114
bearish,0.0007751798850834657,0.0006691732854702259,0.0005764175108087244,-0.000417394360564205,-0.0025640280027298123
bearish,-0.00026329127428559307,0.0012638046988526774,0.0008096272507100988,0.005390895423279529,0.003824305758998392
bearish,-0.00035386631716904926,-0.0006880733944953921,-0.000615989515072024,-0.0040367038007863565,0.0006159829619920565
bearish,0.0008173407002975974,0.001811226991859316,0.0021512341844573957,0.002608944976624006,0.00918690947134393
bearish,0.0011206615176173607,0.0003692396411911769,0.004424326663974076,0.006063203687558749,0.00743649194447582
bearish,-0.0019249094720792392,-0.002903252652309285,-0.0010736293755161386,-0.0013912712025919705,0.0
bearish,-0.0008920436138728505,-0.003300554999589367,-0.0034980853144013224,0.001038600007892132,0.0022364807747812243
bearish,-0.0009019888077951288,0.00013339177163329552,0.00460519211591115,0.0029409646130684752,0.0040525627100125305
bearish,0.00020882799645605132,0.00046828882419958084,0.0019934185546133243,0.0033350208834326267,0.0018605176559929326
bearish,-3.782529779750021e-05,-0.0004223761878553445,0.002212786225368024,-0.0018093037737624273,-0.0027549362186991555
bearish,0.00014528721493545227,0.0009601235579930201,8.212160694642812e-05,-0.00011369177781939133,-0.004048915472092962
bearish,0.0006322871089303739,0.0008029983054704815,0.0008978413718101486,0.0031234983181163134,0.004603043830142317
bearish,0.0003526115291376808,0.0009130119950886417,0.0002266788401599218,0.0009130119950886417,-0.005081390296886368
bearish,0.0005377364458785117,0.0013158663883090504,0.0011134307585247694,0.0017840197380907252,0.002207876257354302
bearish,0.0006207545296930128,0.0024893332815367764,0.002945386846126663,0.0055614034328730355,0.006486185226738828
bearish,-8.159435661525549e-05,-0.0001757344496257085,0.0003953883906437916,0.0006778086696748176,0.0006213246138686568
bearish,-0.0009345442685465555,-0.0004641360796808769,-0.002220326651446336,-0.0028726322787827607,-0.007482632529667077
bearish,-0.000790323911346702,-0.0005753494848690366,-0.0017323900136718695,0.00215600363015378,0.0037050384963932537
bearish,0.000733698922434689,0.0011195296807746669,0.002182121795172298,0.004585618265217084,0.003390195020905429
bearish,-6.331758876099158e-06,-0.0005255296549541155,0.000588859907232564,0.00012030341864521787,0.0007724809146383294
bearish,-6.963612006305464e-05,-0.00036716593886687576,-0.0006647084187834107,0.0005380972913962001,0.0037983338216196483
bearish,-0.000740250291036082,0.00027204914713774286,0.0005441109480184281,0.0030242382446727945,0.0036505985220427473
bearish,0.002813490939531871,0.004462571674943572,0.005601817758391636,0.007458600049094599,0.014986429753834685
bearish,0.0017704832597422726,0.009044995179595228,0.009585464702686064,0.008454834093014618,0.009846371812952226
bearish,0.00014697669381735778,-0.0030925057446662407,-0.004060055873679191,-0.005566510340399233,-0.006044158569266989
bearish,0.0005810255442131318,0.0006666503612551278,0.0055961995155850985,0.007186374689220898,0.01014654081946964
bearish,0.00039323157710069445,-0.00021779584626457904,0.0026981675408508377,0.0016334234741102183,0.0026195272751470267
bearish,0.0003443900670654365,0.0009667089601836931,0.0010271282701952433,0.0016011117153043042,-0.0007914929611503307
bearish,-0.00211186870210589,-0.0006878718397392847,0.0002473842997647857,-0.003722928860194208,0.006818318952513058
bearish,0.00027765437315152575,0.0011468582121083593,0.002999939639041438,0.007388181324319509,0.006518983521458299
bearish,-0.0007798839478648789,0.0010377197272888328,-0.0012057850809746862,-0.0009178478651087341,-0.0018056542806954567
bearish,0.00026025825303599426,0.0019460602511549574,0.0025553150083699183,0.003342028522586693,0.00916247582205032
bearish,-0.00016700354150467334,0.00019579050416074217,0.0001439636060003302,0.0010883648613631003,-0.002418588580806791
bearish,0.00021691182890060112,-0.0003025269580202439,0.0023003522001721066,0.000953296693056771,0.00506588240871908
bearish,1.4246231871739568e-05,-0.00031631193549308545,0.0017437159871214192,0.0023619796563807416,0.01268483916004226
bearish,0.0005085090429854944,0.0017727925774273512,0.0016279653471986677,0.010085834680898742,0.002636499948599269
bearish,0.000860698020394457,0.0012368914551497134,0.0031349927895165663,0.0024395943889328198,0.010658975484356459
bearish,-0.00119570110980749,0.0008364198743677775,0.0029415175789693215,0.004872599486917428,0.0013865520745035553
bearish,-0.0007112511200715321,-0.0025145665322580113,-0.00019601254480283714,0.0017417058691757692,-0.0013160842293906683
bearish,0.00043375163730074995,-0.0021323417980029236,-0.005506964690638161,0.002709798453542911,0.004932369966620165
bearish,0.0011977857603977515,-0.000525183158265552,-0.0021398162376948804,-0.0038154535327731276,-0.004151754833839227
bearish,-0.00037404025959741904,-0.0008084479155208157,0.004364184358156553,0.006473391266087258,0.0069711802881970986
bearish,0.000612815321477278,0.001882374829001332,0.0019206347469220564,0.0012420902872776196,0.012259961696306387
bearish,0.0007913104237593505,-0.001504237343521786,-0.002044366229940864,0.0003186976481426296,0.002938322747275235
bearish,0.0011932829373650922,0.0024081857451405675,0.0028887688984882143,0.0026187904967602815,-0.0053158315334772555
bearish,-0.002441936664522415,-0.0013765268821605003,-0.002086836777785317,0.0046636290278994075,0.007386465274103138
bearish,0.0009211696232549471,0.0004893050827030621,-0.0018366760944663607,-0.012203655343802744,-0.015450587489707845
bearish,-0.00031325848925845,0.0007512571032570747,-0.0006237006237006515,-0.0007955426195427329,-0.004956363132363029
bearish,0.0004501998626631476,0.0014673493068162458,0.0019431465795227698,-0.004208278033734025,-0.0033107731179143896
bearish,7.723120941083295e-05,-0.006695355291260308,-0.00609169748017957,0.0009012978276696781,0.003284638300426135
bearish,0.0011112471530325685,-0.005384985420625932,-0.0031074115445433037,-0.0028288337951344333,-0.014254444170426317
bearish,0.0004804612427928845,0.000998348469143595,0.0002530972418199884,-0.006499553742331354,-0.013470914256473288
bearish,0.0014444720046715709,0.0016372247944076435,0.002063080939967099,0.0023881182153273617,0.005187706321905017
bearish,-0.0015247547279526596,0.001366931173124586,0.0009275522343128451,0.006843063932736815,0.0038106003396674026
bearish,-0.0038263377517469,-0.006326828709440568,-0.004149601002550463,-0.0010233228870950573,0.0022869516496129005
bearish,2.860358114142869e-06,-0.0005714854838466676,-0.0033616007051674446,-0.006523773491335816,-0.001433180088475039
bearish,2.323220123279235e-05,-0.0024630078835375935,-7.830713981926696e-05,0.0009342547736488349,6.097002261573614e-05
bearish,0.0005283906436692742,4.6500420617379135e-05,-0.0003164211938420092,0.0013036841200877447,0.0009203459872852982
bearish,0.0007317961642201443,-0.0002736774304825662,0.006173609715196315,0.009878383972454108,0.014680679627138593
bearish,-0.0012475757901158069,6.523687222514951e-05,0.003728550372732453,0.002889340163515941,0.0060961089744295816
bearish,0.0009853573142839522,0.00347290849027293,0.005582042521952824,0.006448835305079337,0.012273744247113028
bearish,-0.001966326711488886,-0.001664485043986863,-0.0015431525477633823,-0.0006206554401306796,0.008604541329084725
bearish,-0.0020330160871778746,-0.0019914132106640947,-0.00018027913156004605,0.0004992345181662472,0.001741795951580638
bearish,0.00010980444311825543,0.0010239483929659343,0.0009553206160171079,0.0011612039468638091,-0.002637985863248926
bearish,1.0997270293744421e-05,0.00034983563016321995,0.00033072705315162487,-0.004184035011285836,-0.0005683599176126153
bearish,0.0002907120611546077,0.001151704136026277,0.0012038708490826888,0.002393921248533104,-0.012630289546755935
bearish,-0.0018145333205007441,-0.007466596012217219,-0.010919080551559324,0.004109521836181518,0.005504536645856595
bearish,0.0004948185257256377,0.00033085335631000135,0.007730437578938654,0.01045199701014421,0.006965113349093999
bearish,0.009451371686537868,0.012868943164718205,0.018989443222595215,0.026177844657946592,0.02676814446116449
bearish,5.926928663080311e-05,0.0003102218085930808,-0.00022275053936282596,0.001723186259994236,0.0006457802783534916
bearish,0.0012660864667235483,0.000723461830769212,-0.0020745630327396736,-0.002424977492009872,-0.008210365887367232
bearish,0.001065381779377761,0.002024425238969396,0.00292895566489193,0.007552111175162635,0.011138715018678358
bearish,-0.009714567208734426,-0.013265450269225765,-0.013751651707733292,-0.013160281375009575,-0.011386284097528399
bearish,-0.003456137460731701,-0.0009944483379419333,-0.0006399981257100285,0.006361563844205831,-0.005545920199884868
bearish,-0.0020859821381704613,-0.0010444568032894619,-0.004564527136372121,0.002697758820846108,-0.00041250607818033025
bearish,-0.0004700422727046405,-0.0009823466423499738,-0.001952687281119303,-0.0025916573993819414,0.0035559950363612813
bearish,0.0010550684313102021,0.016223588487249696,0.024416375288367043,0.02227267195878402,0.013125638454018596
bearish,4.9077059000257606e-05,3.4635834011975675e-05,-0.0007018666403937335,-0.004375691171469187,-0.00918461909258872
bearish,0.001084904624796934,0.0017840772446151565,-0.0007426866989551639,-0.0048300627842020605,-0.010405759620986221
bearish,-0.000798470228981274,-0.0027626625582470865,-0.0019064512353782481,-0.001677847417574152,-0.0029710396361483093
bearish,0.00019674426998794736,-0.0011427183073354774,-0.00014170864194074095,-0.001420372819398441,0.011690488515027075
bearish,-0.00042256849699195964,-0.002195592912753619,-0.0006538722734926727,-0.003254743571772911,0.00086509942122448
bearish,0.012149262359671953,0.016804846507556537,0.019326257549771464,0.013361879731278004,0.02098563226045691
bearish,0.012854802693560652,0.01462138840139815,0.012919986770643987,0.013776651134724816,0.015300094781299789
bearish,-0.0005711104793785227,-0.0010726876084820036,0.0008552509310870704,0.0020961127633336574,-0.004308191754610835
bearish,-0.001736470105275556,-0.0015314932628563982,-0.002837418295352334,-0.0056222219634959325,0.0018301503787421236
bearish,-9.251091988138338e-05,0.0012793262099770608,0.0020157861428482526,0.002763867702268108,0.007474253880600745
bearish,0.000684328506074694,-0.010043823282265274,0.031619052770769596,0.020606726739058834,-0.015042631703546694
bearish,-0.00343777929282596,0.012072394324992741,0.0048335155349417125,-0.026867436449109494,-0.025737709445380452
bearish,-0.000989780813498542,-0.0068873997703662315,0.004066245173351302,0.004157669495062688,0.0007722713701325823
bearish,0.0008476796695591204,0.001692289197478436,0.010159875468150448,0.006901666075859625,0.0025985481559114287
bearish,-0.00020201784964035685,0.0006336153514270304,0.0019315178958074775,0.0010927746557189977,-0.011733075244173774
bearish,-0.002214105558951518,-0.006324694836091438,-0.009888616869818123,-0.013431185764140485,-0.01119268534283746
bearish,0.0006148152075249325,0.015324864604291166,0.017472147919187053,0.02011804711374343,0.019374723794124193
bearish,0.0010341525144963448,-0.0053521115574237665,-0.00891912950247098,-0.0176474021808819,-0.026697044912689982
bearish,-0.0002461695869037106,-0.011612712623097599,-0.010781404271645978,-0.011331385087607115,-0.012351349277401225
bearish,-0.0018823157228725629,-0.001037671622904135,-0.003483062322049979,0.0003764757987978484,-0.011977209743752049
bearish,-0.0006123388952382625,0.0012404773827123794,0.005152266063813471,0.014051433979874517,0.013401049158914713
bearish,0.0006887764059968493,0.001947396317485639,0.003049413520665789,0.00027865388745151876,-0.006177034471430698
bearish,-0.004042197528670632,-0.004597299429815349,-0.008137806665482694,-0.003775641240976624,0.0020572375250340613
bearish,-0.0006599175345457509,-0.0008387950150785528,-0.0010052638109183665,-0.0015264162333422648,-0.003851515113352355
bearish,0.00027522186833239815,0.000989517301091647,0.00254801941927707,0.003098401311110388,0.005454726491233464
bearish,0.0006361359670843392,-0.00039948252140431517,0.0008020256935110659,0.000651500679446082,0.004406611797107329
bearish,-0.001172438535089415,-0.001371918191004684,-0.0019309301933126966,0.0010575902746368104,-0.0010273734096470921
bearish,-0.0021586098034799273,-0.0033068942807176205,-0.004263230377319349,-0.004739995329247959,-0.004038375189456822
bearish,0.0016128689038623634,0.009881608364560313,0.012222509373858603,0.016170405730819182,0.01602594994902029
bearish,-0.00029025388531744856,0.002304096041222392,0.015032668310530406,0.012337673660716808,0.012562797521486369
bearish,0.0008503508774209134,0.0019359699094536609,0.004307320582721985,0.0021855185531183263,0.005294183647367889
bearish,0.0008064294683967077,0.00015904004464917243,0.0010911566903866188,0.0007004771871075288,-0.00022880424166327185
bearish,-0.0006715379062994797,-0.0002452555775580567,0.00022577067847717736,-0.0024189142278533415,-0.0018671170457664754
bearish,1.1215037121647953e-05,-0.0014937849742493459,-0.003536705434129095,-0.0027507832800428567,0.000911450303182848
bearish,-0.001599471001423658,-0.0069265570221800354,-0.001585340799777124,-0.005691600006592745,-0.005923312705273687
bearish,0.001466551533768401,-0.0001585889613975322,-0.0008295457440934406,-0.006140690514275904,-0.008533001146610375
bearish,0.00031767625909484565,0.00040842469542035076,0.002260745741557546,0.0016168607372317734,-0.0012084360418115336
bearish,0.00160750229536899,0.00279177199295777,0.00438218866917639,0.005012652559867714,-0.001383071782116052
bearish,-0.008324822184706426,-0.009025035286303384,-0.00785152630559327,-0.0035396562698917222,-0.00476300334873947
bearish,0.0006270316613532501,0.011452305845259803,0.01347550560812194,0.013716697824539326,0.013804707445532305
bearish,-0.0005536265852442712,-0.004175153437520729,-0.005181909936995299,-0.004150029269767264,-0.005235111424900851
bearish,0.0010324631498559445,-0.0001855566103221573,0.002108311003550911,0.00914681799065753,0.009077147260375451
bearish,0.0007170095215704997,1.4693781591690325e-05,-0.002777124720818147,-0.00012053602915251815,0.016733231456447673
bearish,0.0005028221319884896,-0.0025692065372887596,-0.005875490946924189,-0.004710778434460883,-0.00015319567070781748
bearish,-0.00032276462672753414,-0.0032535390219329274,-0.0071612382155401555,0.005363243519907801,0.0005521748860530806
bearish,0.00045975767638606335,-0.0006769105953859933,-0.002253503063099571,-0.001779643082642779,0.004081184234328017
bearish,-0.0005538706313337194,0.0002531801921186183,0.0028552233642837876,0.010572321260283513,0.00780612951649573
bearish,0.0003870974861692744,1.640077241527038e-05,0.0008015659422606625,0.0003517442254177272,0.0013494651505285837
bearish,0.00046594954650691633,-0.00029711587215963675,-0.0005668703985930446,0.000997370105935591,-0.002578114625376271
bearish,-0.0016751264755336948,0.0014707367820396833,0.001863340516584877,0.0031108877112018263,0.0018445406226557104
bearish,-0.0010491975260688013,0.0010812678475684567,0.0005151644214684836,0.001024983789353895,0.0029354433229300536
bearish,-0.00027637202688368667,-0.00011004655031332522,-0.0014568987027621105,-0.001105380786928456,0.0006868948123901486
bearish,-0.00022343108622790986,0.0016203706445232502,0.006223145768003979,0.0055986972262223045,0.003157363767277266
bearish,0.0005322959652478421,0.00016192964299666102,-0.0004608125215991299,0.002043873407979069,0.00951164363679502
bearish,0.00016946818364282912,0.0018469965602869731,0.0023303375067642573,0.0014332026722603253,0.0063520905823550855
bearish,-0.0027944926454667174,-0.004741264275137769,-0.004647421598453105,-0.004166985974032311,0.004901446301654122
bearish,0.0013568749747787656,0.0003889109608354868,-0.0016216794991987804,-0.002793795843125113,-0.005093857671296886
bearish,5.008719533217132e-05,-0.00164384350490554,-0.0034517442693327016,-0.004105369930317848,0.001905249267126985
bearish,-0.0006263956282909211,-0.0001407811701419348,0.0028395321384957484,0.0015122551255926098,-0.0011425196641623447
bearish,-0.00010229805542871784,3.032035689098933e-05,0.001690580890524318,0.0015855867100660337,-0.0006962190404461444
bearish,-0.0006193058269796659,-0.0012744157881697804,-0.0024414191737084368,-0.003913990806749146,-0.013641287055132012
bearish,-0.004796906338687235,-0.013729313816301825,-0.007007484973033495,-0.006538205681956288,-0.009150041628410821
bearish,0.0001775408322499672,0.004809877798437778,0.004855006892668934,-0.0012088826500633587,0.0011411890087167365
bearish,0.0003725891625632194,0.0009860189199817349,0.001809542710783596,-0.0006218559287840542,-0.002098206310144568
bearish,0.001805376391757152,0.0014700206621607315,0.002286030580463061,0.002797470425145887,0.013425474779315216
bearish,-0.0023090667538738785,-0.0010007044797587517,-0.0006930466854023765,-0.0005952099425133861,0.004520296764858989
bearish,0.00043905254163489893,0.0009342755320127516,-0.00026173853189681573,-0.0004333341873343777,-0.0056789787037230255
bearish,-0.000914436847584521,-0.002087707155116747,-0.002726383613291694,-0.0046565937930840295,-0.0052812019920656095
bearish,0.0013069062301211964,0.0001782804038727992,0.003947102880283326,0.001678202888619973,0.0023916753577000183
bearish,0.00033717183107628834,0.0001613833591631586,0.00010950190508207669,-0.0009852866639331603,-0.0004349652605148968
bearish,-0.0003694463674980275,0.0012121701327190149,0.0016392234427144992,0.002738881098162338,0.00943174572447969
bearish,0.0001311512818404914,0.0010203670051556202,-0.000869287659975404,0.0036510537738723148,0.0022088456933802014
bearish,0.0001760421152534608,-0.000275433553404425,0.0014453900501698591,-0.0014369616562142085,0.0018656965638232936
bearish,5.70523716980631e-06,-0.0002891027858672457,0.00022746825518438207,-0.0005502409249780182,-0.002630788182108712
bearish,-0.0003343671266098358,-0.0028542340243113973,-0.0016406642925057557,-0.0020816926896417565,-0.010568342984350276
bearish,0.0007545737460188384,0.0009009566831064131,0.0014358997137007279,0.0009094256759276664,-0.00041385445238473206
bearish,-0.00013776965265077656,-0.0009112192378005757,0.0009591224862888215,-0.0022078469976093418,0.0004359443116299655
bearish,-0.0002114176776434329,0.0007977719215270795,0.001400971925965111,0.0030500298115838653,0.004555278573967314
bearish,0.0011539099260586827,0.0020445888415863145,0.002187474792740396,0.003402980058256677,0.006167353797893904
bearish,5.582927407976612e-05,-9.770122963981276e-05,0.0019232738286318884,0.0032828059793152953,0.013918281644730524
bearish,-5.835874509474426e-05,9.466046639494685e-05,0.0003115805006026484,0.004337465875881241,0.010675155412988246
bearish,0.004420460698968398,0.009813977741940594,0.010014127827145947,0.009408030363482922,0.009730572823092087
bearish,-0.0003802269089123733,-0.003530232452991111,-0.0029569854852791178,-0.003497183285087302,-0.0036708259815979583
bearish,0.00019984510667647726,0.002625145646878435,0.003503758403198054,0.0036050175342963175,6.297954405165562e-05
bearish,0.0008876143656970648,0.00043975317492828125,0.0007265208930766764,-0.0004670643861804935,-0.001316379045473215
bearish,0.00036171578386268166,0.0005004188288024736,-5.983268605236347e-05,-0.001452302470545841,-0.005515485787017327
bearish,-0.0009191050761409025,0.0013513032964687088,0.001726057449538132,0.006168398650885143,0.006562300826373768
bearish,0.0001820617542602765,-0.001445624675617485,-0.005274356194311491,-0.0011684560348036444,-0.00505696902504571
bearish,-0.00010199151860013078,-0.002176713725911217,-0.0004992216436737751,-0.0009232916420635062,-0.0014976649310216583
bearish,-4.566995132115892e-05,0.0004835641904599175,-8.059403174331958e-05,0.0006743033989189406,-0.0032962958983010493
bearish,0.0004322109189285328,0.00150740227897872,0.0013339843176802813,-0.0023238006813991463,-0.004885050571345473
bearish,0.000529733287315981,0.0006849076846107138,0.0013430611627911482,0.001013984423700931,0.0006929339465395756
bearish,0.0003685552899703737,0.0004246397906177979,8.279140571798571e-05,-0.0017065712339925376,0.0020617730714276306
bearish,-4.76920998035979e-05,0.000914098579570366,0.0024561431398890665,0.005436899377618154,0.006462279523397063
bearish,-0.0011263632152933578,-0.0013816371215630285,0.005460756242368081,0.005084424607351812,0.007660848877847348
bearish,0.00010695354564038695,0.0008347593806086184,0.0074606619641888194,0.005345068658959118,0.00799282106932675
bearish,-0.0016703771860965277,-0.0022803608426524846,-0.003456574053817607,-0.002813131378125555,-0.0002496557581683767
bearish,-0.0005600565631788124,0.0009756641485239026,0.002318786223115321,-0.00037506050384827905,0.00013177801486552454
bearish,0.00038499726449314764,-0.0005622986362993077,-0.0011372616562987936,0.0009093027496909212,-0.009389374075500112
bearish,-4.092919505060966e-05,0.0007750966312713992,0.0019748336611931094,0.0025657489147365986,-0.00012278758515194
bearish,0.0004007095366316271,0.0006227587703067083,1.276145021122943e-05,-0.0018172305100750963,-0.0011408736488813798
bearish,0.0002912994274548719,0.00010053697053757915,0.002271104385732192,0.0009847467370598384,0.0009331893162713989
bearish,0.00026017650786447355,0.0007959855537635896,0.0008114415839339806,-4.3792085482219356e-05,-0.0012880025141809304
bearish,-0.0016087357974752248,-0.0004319274568784781,0.000429341064920985,0.00043192745687825607,-0.00043710024079313126
bearish,0.0003423887492077782,-0.00033216818953007987,0.0004854765846977749,-0.0016276241286974358,0.00045225976574458926
bearish,-0.0001740604519517852,0.0036754504129521415,0.0054639846221373745,0.006044186128643325,0.007302971136236458
bearish,-0.00012031914653620746,0.0009274600878830253,0.0026595544682268546,0.0009349800345415105,0.0026420079260238705
bearish,0.000724495156338989,-0.0001817462076040277,-0.0003361060003634897,-0.0009834212603228032,0.0034133431592469066
bearish,-0.0006567224839474362,0.00027507998384201926,0.0010457995782107155,0.00013382269484218945,-0.0003271221429475002
bearish,4.955978520793103e-05,1.2389946302038268e-05,0.00021558506565422242,-0.000681447046608552,-0.00858127680874643
bearish,-0.00026368607532711863,-0.002158129723308755,-0.000998423003666038,-6.144141561026384e-05,-0.000401929260450129
bearish,0.00017372376898827646,-0.000733216495582778,-0.00026824993740837133,-0.0029609683567264344,0.0012211759055351656
bearish,0.00042675582243933974,0.0004974609291157339,0.0011691594425407015,-4.5453282863205935e-05,0.0004015039986262625
bearish,0.00034121411564891346,0.0007026483270398121,0.00044989713026288847,-0.0007001208150719807,-0.003346425845326406
bearish,0.0012423273808430668,-0.004746058302712797,0.001145147437732863,0.004065798700940704,0.004882635520057299
bearish,0.0007926915409610658,0.0013760915859588607,0.0027626477467155297,-0.0008450144149516614,-7.848431098622655e-05
bearish,-8.901618785561727e-05,-0.00038748222948903344,-0.0006545307930556632,0.00012828803543873946,-0.00251078012216166
bearish,0.0002297817847589645,0.000766799888465286,-0.0005938180954446759,3.098181367522379e-05,0.004017308506573336
bearish,-0.0006606921585866621,-0.0011234337482581847,-0.0012468315055040868,0.00028792810024014237,-0.0026633349272210394
bearish,-0.001151564144410755,0.00040164930423136624,0.0012913787756303474,0.005989150384617226,0.009032025176801906
bearish,0.0006977008733899392,0.000245206466372494,-0.0006774776596686349,-0.0004044642744289728,-0.002388867120846294
bearish,-0.00010605471413194234,-0.0007903601315076836,-0.0008812641721922532,0.00028281257101880897,-0.002626116730888639
bearish,0.00044086878549354225,0.001389857527149596,0.0024210421440669094,-0.0004084885922088777,-0.0006027697519178643
bearish,-0.000244115340799822,-4.931623046378064e-06,-0.0013340040340675818,0.013857860760554841,0.015238715213564014
bearish,-0.0001523104037677303,0.0033024763737552476,0.006068239896138916,0.0028576332897354284,0.006617040874793423
bearish,-0.00025628067284444445,0.0012215247023432685,0.0014466684710103817,0.0019376734984228872,0.004799873536266208
bearish,8.332619108841754e-05,-0.00011903741584051719,0.0005380491195992043,-0.0015141559294917784,-0.008696873601310218
bearish,6.376617180969824e-05,0.003901545030726039,0.00734964172858299,0.007455918681599005,0.008825710520473873
bearish,0.0006686952753298669,0.00013513702428258334,0.0007945125048345325,-0.001961816800794103,-0.0037372377060257422
bearish,-0.0007674704500549856,-0.0004968729661448679,0.0004968729661449789,-0.00281561347482151,0.001642246798901681
bearish,-0.00036527542000819313,0.0007094772580928943,0.001390856406954244,-0.0008218696950184068,0.0027910788503189288
bearish,-0.001119319977988309,-0.0036014939877531127,-0.0015899963704059106,0.0007235771405824654,0.0040791954009529174
bearish,-8.126796602536679e-05,0.00045277866785542464,0.0025425263656502217,0.00957104445589918,0.010149207985622466
bearish,-9.883671485133583e-05,-2.0686754271248553e-05,0.0012986684625833078,-0.0018824946386828412,-0.0016296565309232847
bearish,0.0013282111117771667,0.001261339371774639,0.0022897806145745214,0.002557267574585076,0.001983092979389589
bearish,-0.00019862349300192594,0.0001270266525013053,0.003630652686036129,0.00203935516652054,9.238302000058596e-06
bearish,0.0009601688447855583,0.0009805497872454882,0.0013474067515268917,-0.0010711317537348553,-0.012092692526308402
bearish,0.00014948336250175664,0.0009244971034725324,-0.0002943672369264405,-0.0004737472719286151,-0.008900009428950528
bearish,0.0009240419114071585,0.000564564260086664,6.682597364271459e-05,-0.003758384931434433,-0.0018411707910582775
bearish,0.0006896313124906683,0.0019351193016041712,-0.0018936030353002842,-0.0022418783804042386,0.0015637793641092301
bearish,0.0007873189166491823,0.003847593314407316,0.00594711042547158,0.0060224191914119984,0.006166190471843747
bearish,0.0003696924748304298,-2.0412467935271295e-05,0.0012428924920675488,0.003104963178175879,0.005284561143279687
bearish,0.0004616846965102006,0.0002240528674239961,0.00013805277689771245,0.003025845290363316,0.005212058117955998
bearish,-0.0015052491028579862,-0.0008092980869282007,-0.0034956236695888876,-0.0010405261117647502,-0.004003418547661397
bearish,6.25156289071338e-05,-0.0007769799592756144,0.0013485514235700435,0.0013418533204729854,0.0006050619797806078
bearish,0.00044167739258660355,-0.0004461387803904593,-0.0007785121717812649,-0.000595595271821181,-0.0036315696723778768
bearish,0.0007406682473518611,0.0013100708639350866,0.0014857849526461742,0.0001690414017980757,-0.004722038105490767
bearish,-0.0006625476067135816,-0.002545694663379172,-0.0018964869413645724,-0.0047623388375180875,-0.0075192483419636025
bearish,0.0008650833295489324,0.0011375505199582303,0.0006221334181009119,0.0013033013941239346,0.0036692248308431985
bearish,-0.0017265193370166187,0.0028572202361607513,0.0068541689235546155,0.009248727115155342,0.01574405084317343
bearish,0.0015691344128563323,0.0031404977098217213,-0.003996389207743256,0.0026456854375855876,0.001208055187170487
bearish,0.0001023156705346473,9.341865570555719e-05,-0.00021575260960571274,-0.001109902599930157,-0.0035009753352506223
bearish,-0.0023354583699526366,-0.0003457459860006784,-0.0013383715587120815,0.005643466739236214,0.0034775354333871356
bearish,-0.0001786565030966747,8.601979778743996e-05,0.0026820531822913107,0.0026666137314064198,-0.0022806274592840348
bearish,-0.0011320547342968945,-0.002580645161290307,-0.0030334670550090648,-0.004169918118371085,-0.0026531845908666085
bearish,0.0020932906075747937,0.0019620356289375973,-0.005827268448113543,-0.010753856180751753,-0.002263016873053858
bearish,0.0012178707933461208,0.0013481964501986798,0.0015616608881467986,0.0015144740123900213,0.006684807398902093
bearish,0.00011897386166714874,0.0007273119090591695,0.0018452172507610332,0.005317907137533773,0.005971140981781309
bearish,0.00023238769417766036,0.0010435101267405322,0.0019842333887487573,0.0005005273413059008,0.003646699200943848
bearish,-1.1166771262116626e-05,0.00038413693141592375,0.001054143207141367,0.0021105197685351573,0.002726925542202663
bearish,0.00019411800143265268,-0.0005511166247564869,0.0006359037977958781,0.008161881025746442,0.004768162862772041
bearish,0.0007707614195260337,0.0013604270327451928,0.0018418768592687318,0.0024690867250147797,0.0007420511087701254
bearish,0.0015986632646149967,0.001501569309278139,0.0018763971368573884,0.005193397611037209,0.0009799715492131433
bearish,0.0002584170941783981,-0.0006336836570287607,0.001125799688551421,-0.0025864180469510334,-0.0027909046171269436
bearish,0.001669422753713956,-0.00039876899785062925,0.0005497154546643124,-0.00020501682940343713,0.0009890372319574237
bearish,0.000462958841178418,0.0004941195324115188,0.00024260823888688776,0.0020143161118579833,-0.0002737689301199886
bearish,2.221555755355098e-06,-0.0016306219245337816,-0.0018238972752618876,0.0004065447032557401,0.0017927954946848068
bearish,0.0012135367078514037,0.0011242099483865786,0.000869301878694273,0.00254036589112161,0.001522912313802749
bearish,-0.0007459732667538521,-0.0016572350707477757,-0.0016028638413925211,0.00045236862823561097,0.0029229972901378964
bearish,0.00023247704289208748,0.0004541912597242348,0.0014960328223143637,-0.019136304734351905,-0.057701663071882736
bearish,-0.007972219289911653,-0.028154579682606817,-0.03725060698828253,-0.03210660121749542,-0.029553291811816096
bearish,-0.0027765690265662,0.0042830289121018605,0.009526923000461762,0.006273234713960463,0.006087688335096875
bearish,-0.002099479302779539,-0.0029976874982157176,0.0006039297157578449,0.0035796561334002774,0.018543936435848396
bearish,0.0009473654880325366,0.0016632480061387067,-0.0008444841680650406,0.0013074501079182177,-0.0008723478588896771
bearish,-0.00023522015537358332,-0.00034213840781616156,0.0004062893592817751,0.0010542139690836727,0.002435597790641175
bearish,0.0003134575648824356,0.0010128730838041555,0.004501421220863833,0.003938477022707554,0.0038958297349682702
bearish,-0.0001510175605771158,0.0014846515110262803,0.001952593248025991,0.001907926082221456,0.0010507419003540353
bearish,0.001437144025995707,0.0028318944229059895,0.0036034584722608454,0.00607076768503223,0.010085444359421603
bearish,0.0016291559832442015,0.002998744368121642,0.004733415635254756,0.005697825329999073,0.009300117121965101
bearish,0.0010377537746466547,-0.002365744520472224,6.472910868016157e-05,0.000663995372912618,0.007922007688147659
bearish,0.0013302177323626374,0.001836572064182418,0.0036793697963792837,0.00066614647751706,0.005681959674273207
bearish,-0.0016728605293941934,-0.0018964606991646038,-0.0013126158114306063,-0.0013436713905653486,0.004223558762331603
bearish,0.0019774704461987813,0.004804490239461501,0.005233388938949979,0.0033074688172085587,0.0037363675166970367
bearish,0.0007776449700975796,-0.00036824986679229177,-0.0013680791140607829,-0.00025098594272998653,0.0027752462028087788
bearish,0.00034194194358172503,-0.00025184945545220216,0.0006019816252276211,-0.00742648760102127,-0.005765919240274586
bearish,-0.0038120485393997594,-0.004851884960389574,-0.00351201668670309,-0.0021104980323253253,0.0004397727155964759
bearish,0.0022641601801536293,0.0009484995349293701,0.0029638060736605354,0.003528826226726123,0.002941368450253723
bearish,0.0002968493306658715,-0.0001402918069584036,0.001429349859301654,-0.00012199287561609484,0.002490687877161335
bearish,0.008712977096074548,0.005695433091087665,0.012320775075956192,0.013845080077789174,0.009845850514556442
bearish,0.002679891758125663,0.0022151357550272976,0.0009194523524500564,0.002205076101280623,-0.001144788596376567
bearish,-0.001979318632119975,-0.00018085144862012292,-0.002326955305578582,3.8179750264211165e-05,0.002234520120728556
bearish,0.0012377804346297427,0.002087749791526372,0.0015974601388484277,0.0020254588930304074,0.006837933147800346
bearish,-0.0016812824781484714,-0.0021083075983654442,-0.0004889128187991476,-0.005173811601468015,0.004909757420850758
bearish,-0.0010242326926098722,0.001966853218477782,0.004478467649957185,0.0015424699514203777,0.00270136271915411
bearish,-0.0003482333774564861,0.001244272477344488,0.00016698910497914277,0.0006923938499134863,0.006184706241726845
bearish,-0.00017597478908315534,5.6635564302576213e-05,-0.0016970442303531064,0.00021036066740975912,0.00020833796868457988
bearish,0.0005505515636068381,0.0009047667240156265,0.0010241878352392764,0.0013743548223863478,0.00493472320615318
bearish,0.00014195514217507643,-0.00043586226752356794,-0.0005718193050997522,0.001355571639361841,0.00032589701654273107
bearish,0.00037532666396500325,0.0021221927861416745,0.0020383432122772493,0.00172490551949811,0.0034018969967877233
bearish,-0.000525897485577298,-0.0013602160529218033,-0.0014946560116408936,-0.0006405668621316529,-0.0012119366866876202
bearish,0.0005549823187041003,0.0013904611161756897,0.002694769742444203,0.006765975777125455,0.00383679112028279
bearish,-0.0005647102018987438,-0.002073264663508434,-4.589517541930821e-05,0.0004589517541935262,-0.004824979746259506
bearish,-0.00028946694760056957,-0.0009904889431503472,-0.0010928854144103273,0.0005297048224799372,0.0004469999803082825
bearish,-0.00012086735976957197,0.00564957433245139,0.00950758247735184,0.009104041453605438,0.010108020329110179
bearish,-0.0004146992562417129,0.0006461593062370152,0.0016182915162175071,0.0021872974724561622,0.00010801468999788177
bearish,0.0008858376702467474,-0.00020045895555154125,0.0027052413334911485,0.0016724004291730488,5.7273987300376916e-05
bearish,0.0006369935501906454,0.0014956368937080189,0.005605143872681184,0.0031250624014058648,-0.002729687094390809
bearish,-0.00043843478780747347,-0.001614237173291344,-0.0006815668065007774,-0.0010044142411590462,-0.0019869067429276743
bearish,0.00019340801031497712,-0.0008038520428721441,-0.0039104682085582265,-0.0015855427512289078,-0.007222580385204291
bearish,-0.00013288493187091355,0.001271606578826301,0.0005560723302906467,-0.007255517280152168,-0.00983757372558236
bearish,0.00038803138742782295,-0.005418067891121314,-0.004147213770392177,-0.005405749434377549,-0.006532888226429723
bearish,0.00022262211750745386,0.00252098934918088,0.00266322014647713,-0.004054608380898106,0.00020200895847888312
bearish,-0.0009606446256695822,-0.00479701206395744,-0.001329167779482443,0.00019875406048330824,0.005933636847346602
bearish,-0.00044296788482833804,0.001293714616905195,0.0002877221307997502,0.005733743182124051,0.011214953271028172
bearish,0.0003338501524854376,0.0019846674709109724,0.0017716587846625664,0.005462443906005809,0.002670801219884167
bearish,-0.00018138094073538724,0.00027716638134833715,-0.0015855547403603731,-8.967147631855354e-05,-0.004852449661693958
bearish,0.00044597155917736053,-0.0015304933053587044,-0.0014858961494410572,-0.0009142416963136002,-0.0058989874418463595
bearish,0.0004631793472540391,-0.000920042612500005,0.0015369132886153825,0.0004126506911898975,0.00806563672422711
bearish,0.00031567383737329813,0.0031314844667427177,0.005282275545379189,0.007649829325678592,0.017995513222524684
bearish,-0.0006629769953218068,-0.0012864663326149772,0.0022882058678659334,0.0010121310242059423,-0.004563941948986239
bearish,-0.0009630150736524845,-0.001063820660426651,-0.0005705167251481846,0.0006026887209271692,-0.00208260052676279
bearish,-0.0028155512999894494,-0.0056654910128033364,-0.004105116780900642,-0.003520513762887645,-0.0015302843706813674
bearish,-0.0006965229917278437,-0.0018221731517341633,0.0040777863076089105,0.0029348848041541586,-0.003508491973812422
bearish,-0.0004709495116318463,-0.0008816863003152653,-0.0014881144385809897,-0.0016085398844776222,-0.0040858633429243785
bearish,0.0007052813638621647,0.002378425768593928,0.0019509167572682173,0.004027699111779359,0.005598848980814086
bearish,-0.0002912470551686974,0.002342920754912381,0.005153994183688448,0.0032188193060120884,0.0031648846661660457
bearish,0.0005685603119445215,0.0006215976544765578,-0.006046257048662795,-0.005354650102043834,-0.012924139628229359
bearish,-0.0009997116621101032,-0.0005387919694740395,-0.0007745134561188971,0.0005829897482201307,-0.004666022641890644
bearish,-0.001599813714413978,-0.004484652999974137,-0.005761054238428431,-0.006338884528809596,-0.01527584928116188
bearish,-0.00012091627667443205,0.0003761839718758875,0.0007680422759130945,0.001657000828500399,0.006945968337848996
bearish,0.0008337606170720768,0.0016786677664579752,0.0036137057761329583,0.004489823215997557,0.004385045812247634
bearish,0.0014327092398656038,-0.000243959777686098,-0.0004990086361761348,-0.00034376150492132496,0.0018984506336301443
bearish,-0.000502128588582007,8.514354328137408e-05,0.00017901975766831946,0.0002728959720554869,0.0059993450496671485
bearish,0.0008140994161620618,0.0009712446117748907,0.006829268292682933,0.005724886779069127,0.012272603262945436
bearish,-0.00034491327894692336,-0.00012639679166381868,0.0015103345444573701,-0.000856927401110541,0.010165301295674167
bearish,0.00013097493942404448,0.00023237489252658783,0.008236633690556827,-0.0002471623856874494,0.0014090368483203886
bearish,-0.0028457670539424607,-0.002934763491965975,-0.004657480256564095,-0.002237624727448373,-0.01691779907570845
bearish,0.0008892669347355664,0.0004940371859640802,0.00023413066639177416,-0.0008011994363679165,-0.01226071416297203
bearish,0.0003832665386156453,-0.0009725665344064716,-0.008033089416305095,-0.007122554460402775,-0.007350742052757875
bearish,3.934563831720084e-05,-0.0038755453742644885,-0.0020634601428684007,0.019143838910213207,0.020263003733463902
bearish,1.2861322786994478e-05,-0.000692367876702793,0.0007866842438077892,-0.001095355990696989,-0.0008188375507753864
bearish,0.00020155367867635832,0.0003795212885713273,0.0016488806266174993,0.004787971962596949,0.0037651942527183735
bearish,-0.00021537932648407754,7.455438224446276e-05,-0.00041004910234454517,0.0035061269205518553,0.0015138681505748597
bearish,-0.00013847180858661545,-0.0004360828598769517,-0.0005228860831699711,-0.002422223278557789,0.0012400460470431973
bearish,-0.0018705904577299703,-0.0013202960091331928,0.0027309388680361035,-0.0006899213982406449,0.0003141606366989791
bearish,0.0005057253870033307,0.0011409658121415145,-0.00020146783709895644,0.0013321546779598847,0.00043171679378328776
bearish,0.0024421729066512743,-0.0004572751258518082,0.003496333705628185,-0.004297576846501117,0.0012625649492545854
bearish,7.007638325773335e-05,0.001053147931245002,-0.00017418986695494354,0.0011312330440180762,-0.007730426164519244
bearish,-0.0008244439549870419,-0.00045869798475994816,0.00025258699601327095,7.072435888377804e-05,-0.00025662838794948684
bearish,-0.0006848706220807799,-0.0012465049375334214,-0.0004949654938340986,0.0019051120844308933,-0.0024990706770320337
bearish,-0.0023395259603183893,-0.002668302530577149,-0.0016238354994496662,-0.0034180734895823406,-0.0031494389748585316
bearish,0.0012327505419678086,0.0022282016321375497,0.004020013594443261,0.004040123717476973,0.01326865917765696
bearish,-0.0003980852298496318,-0.00037629947100215055,0.006822903566328753,0.003624358062810362,0.010455183723265371
bearish,0.0002910025526194904,0.00043357427303059026,0.0015292281792027573,0.0005566156207825745,-0.002081937725453842
bearish,-0.000735344314735098,-0.00018529896525154577,-6.436700898215797e-05,-0.002929674166398444,-0.0052468864897549095
bearish,-0.00042898438929739324,0.0006316696741490713,5.509891238686393e-05,-0.0018969768407463006,0.001798585925770091
bearish,0.0006979876328387924,-0.00017302228645021955,0.0008847730557111078,0.00116790043353876,0.0007589386655655339
bearish,0.00019059595622183956,-2.161397441691193e-05,0.0001336136600318394,0.0009176114593361095,0.0028373253689113476
bearish,-6.462149428387853e-05,-3.1331633592146524e-05,-0.00011749362597079926,-0.0032271582599976423,-0.0051070562755303195
bearish,-7.971986439647694e-05,-0.001092162142232067,-0.000508214135527707,-0.0003029354847067234,0.0008191216066741891
bearish,0.0005365990353141115,0.0003358712480299175,-0.00236103575538249,-0.0036667600746468354,-0.009138082831017025
bearish,0.00033390660672427686,-0.0008609158293858554,0.00010862022146462813,-0.005947962867976053,-0.0012390751189290672
bearish,-0.0004040477872799819,0.00037359192391717144,-4.4668599598729486e-05,-0.0008446426105953586,-0.0008283994834684671
bearish,-0.00043429378554005194,0.000395734991496699,0.013233783997694593,0.013112019384926343,0.011445873600214318
bearish,0.00026158564833322906,0.0005471333407882639,0.0009944248310675974,0.00030152238853675684,0.002683748941676445
bearish,0.0007246333415178441,0.0022836929550866802,0.003539324833364166,0.0023815084750160587,0.0013714135141122963
bearish,0.0009477096682413144,-0.007792056870594588,-0.00632340742699844,-0.005960753198770541,-0.007876208680459684
bearish,0.0001423128687427777,0.00029479094239581727,0.001250320203954658,0.005773836388993869,0.0037021676282951166
bearish,0.00017391691220636218,0.0004934386811434877,-0.00010313677351769801,0.0007886929739588933,-0.006976899385021662
bearish,-0.0008387178203107526,0.0005353951134507984,0.0014718276312737366,0.0005007878247487163,0.0037314800112373536
bearish,-0.00020921427967923734,4.8280218387430907e-05,-0.0019171270051379086,-0.0012391922719464654,-4.0233515323784275e-06
bearish,-0.00030175318601066703,-0.0010299842082498456,-0.0006537985696899451,-7.040907673583341e-05,0.0054677677305143835
bearish,0.00017980067810530187,0.0008891242323894044,0.004704455105153826,0.004639252661445159,0.0023690221214109908
bearish,-0.0011989876111330178,0.00012090631372774219,0.0002780845215737404,0.0004937007810548177,0.006299218945213347
bearish,-0.0003707572217924726,0.001405289469697646,0.003980656838278085,0.0015109353447244622,0.0020172382174949988
bearish,0.0025405370966200547,0.002078621260870994,0.0005216463317512243,-0.0024569144022171807,-0.0030422732630370763
bearish,-0.00029391088145469535,0.003590478876148273,0.003912192138281201,0.003969782783971532,0.005030245018408985
bearish,-0.0007963057735131951,-0.00426408898074826,-0.0041534360692924155,-0.00493591022887363,-0.002311855471490043
bearish,0.0004720334966030748,0.004273976931584711,0.004244351398325241,0.005178543213777864,0.011528282509084997
bearish,0.0026149075115611264,0.0033784839395074595,0.00637420322459703,0.003827646544181995,0.009283995750531293
bearish,0.00041693943078024986,0.000635150721655986,0.0017593285326849006,0.006612581439570997,0.00876546962187108
bearish,0.0007056480846003854,-0.0003035253404992666,-0.00028999236353444147,0.0005393857961739634,0.007360006186503787
bearish,7.746788471818533e-06,0.0011290944197945851,0.0030890319032115254,0.010797086432855707,0.009391044325186781
bearish,0.00019661096665135602,-4.047872842816158e-05,0.0007189793192250438,-0.0013223051286548326,-0.0005088754430975229
bearish,-0.00039439342677627387,0.0006012566457225255,2.899951667467704e-05,0.0007675205413242292,0.007101014983083687
bearish,-0.00015733014579899507,-0.0006254832625667284,-0.005307014430244172,-0.0039812201528405256,-0.0065426316728607326
bullish,-0.0008903892162251958,0.0014091299735981,-0.0002787305372531357,0.004699698816169384,0.0045680838049815264
bullish,-0.003810368385099183,-0.007676153382402684,-0.00878462418534065,-0.00940121106947489,-0.010177147559473965
bullish,0.0002147141546129383,-0.000346313152601585,0.0018354597087884006,0.003234571771562056,0.009689848936055734
bullish,-0.001639378281350523,-0.0065298512108572515,-0.009518078122946472,-0.0031473296118754712,-0.009691008321401129
bullish,0.0015706879057031387,-0.0023977315374671404,-0.0023351820190984363,-0.0020293913236868466,-0.019049803316514513
bullish,-0.0012300722305657041,-0.010734470428377274,-0.008338704140742337,-0.01016234713580777,-0.01470357577057857
bullish,0.000530126869085823,0.0036818832107246013,0.005947669225350616,0.007145917604084229,0.0024473242750597812
bullish,0.004969140845146214,0.0055678317117757725,0.007709814590161734,0.007144384327233633,0.0090335866174871
bullish,-0.0004577616791859862,-0.0005427680230107867,-0.0006277809062881223,-0.0040806183973149945,-0.004185249638271826
bullish,-1.3143454231201446e-05,0.0007097465284851001,0.0006440292573290929,-0.004692219732267855,-0.004278194352257736
bullish,-0.003550570958990251,-0.00208274103318995,-0.002796817061264445,-0.005791997023280371,-0.01548500767298322
bullish,0.003230194846770118,0.0018178255145515632,-0.0027233526562779886,-0.002561167480258475,0.0011217875585169956
bullish,0.0021697302165635257,0.0008119430684625506,-0.00893819680408292,0.00975696292354078,0.007014096423356708
bullish,0.0009672097949071645,0.00010145486341772703,-0.00641870426190716,-0.0030301118237533453,0.009198574283211691
bullish,0.00520642551751016,0.008594935328090969,0.0015305200505972838,0.00334841570713329,7.351810933831082e-05
bullish,0.0020033051161849613,0.006563009679268816,0.008890081278877693,0.013692624194799441,0.005881757782199681
bullish,0.004377448831172526,-0.004927246661238338,0.004593189552581478,0.00789889415481837,0.011420339478464214
bullish,-0.000955485237112752,-0.001985505099211249,-0.0015043742351331657,0.004262412866268717,-0.012380642359714034
bullish,-0.0006982362600946868,-0.00030722395444160444,-0.004315093105022316,0.008427718641704995,0.0006703068096909348
bullish,0.0016714822842442967,-0.002482931549152023,-0.005146195175235735,-0.00229567776102535,0.003800706068639359
bullish,-0.00015499696745058245,0.00047172990093669043,-0.005532724577127834,-0.00779028910303925,-0.006738998584810307
bullish,-0.0014889552258857686,-0.0012509943450363936,-0.0018492891894323904,-0.003147875710638681,0.004079329385988428
bullish,-0.0006888055846236973,-0.0018743525889818313,-0.004126217000251731,-0.00789477832381813,-0.0075371292702635095
bullish,0.0005199928036585533,-0.0001399962676995603,0.0007266472942497604,-0.0006933081830705623,0.00520653452712283
bullish,-0.0008904253090299408,-0.0024159333752357126,-0.0016957364341084746,-0.0037253823591032464,-0.0020754831866750534
bullish,-0.00020632669116649183,0.004158902334523429,0.010136121905074624,0.008814300232861783,0.010368246686536464
bullish,0.000563098691352959,0.00032900780953992736,-0.003074898471882359,-0.0032773545957542893,-0.0054664798452838115
bullish,-0.0010029517062767335,-0.0014282449725776525,-0.002735882591915484,-0.0021963233800528226,-0.012308297785902922
bullish,-0.0011573200971475295,-0.0011191728366527487,-0.004832791794636804,-0.00873717249084105,-0.00900425418579709
bullish,-0.0015533168068878611,-0.004539489117272311,-0.00493257971051253,-0.0010524513875240782,0.0012172868310433849
bullish,-6.341837777956716e-05,-0.0007166213270715094,0.0005327207151863966,0.0002473380151781779,0.001585459444489734
bullish,0.000766728765873248,0.0015207968975743391,0.0033204065597038923,0.0022811953463615087,-0.004099814969710791
bullish,-0.0018504559504155527,-0.0038280977999726185,-0.0030205140789054674,-0.003325738616323126,0.0031540525960780386
bullish,-7.536612323844061e-05,-0.006631666206134312,-0.006236033309050759,-0.006675632394684605,-0.011128143133462332
bullish,-0.000491563726898403,-0.001270388457978222,-0.00462191579686555,-0.0016789556002425599,0.0059306010405695275
bullish,0.03753801483492003,0.050541327849868534,0.04382563284322627,0.03333183439874077,0.0031838319126031855
bullish,0.0022684481430113035,0.00584372938819544,0.006040992448759441,0.007723834180921596,0.0025273539836647707
bullish,0.0007068004719790189,0.0018224879376613767,0.0030900557262520945,0.003364603899669305,0.010625419115155799
bullish,0.00017629430062493512,0.0014842420811396195,-0.00420817981556898,-0.004685859405201387,-0.010730858529701015
bullish,0.004783691678899471,0.0027458768672825595,0.002302622110928798,0.0005929194370088986,0.010171833175028011
bullish,0.001974362073828395,0.004679756169161831,0.004840922827194394,0.011143915453556419,0.011103622350008946
bullish,0.0007609597016666747,0.0007945312063613041,-0.0013484498433243841,-0.0006658292478630701,-0.009668587756856195
bullish,0.0015602062639681336,0.001017293253811058,0.0016087598316976148,0.013629973991837963,0.011892743797316196
bullish,-0.0006384460061854558,-0.00027321510485478484,0.0021158057826196064,0.010127558291705974,0.01254728828042806
bullish,-1.0730099452405106e-05,0.00047942860022676115,0.001074690563215741,-0.002380832388111598,-0.008925546662477024
bullish,-0.001254572296420453,-0.0025583670884268273,-0.008164549118988229,-0.008929892231161585,-0.00398249568461273
bullish,0.0006923013429744884,0.00048264945270637405,-0.0018064879515582444,0.004991974339420668,0.0010287548974576843
bullish,0.0032685021244922563,0.002211947621505228,0.003016048717118913,-0.0039435334243020925,-0.0052196317201175235
bullish,0.0006679049997930786,0.002931128989967391,0.0016091191366627289,-0.0009356057574210208,0.0018906200405723883
bullish,-0.0017131780574289879,-0.0036292845720642397,-0.006916476395745108,-0.007127881526802438,-0.013057081276506954
bullish,0.002075239335235013,0.005768227964933592,0.0019114563646793759,0.003882250457072134,0.012660326497093921
bullish,0.005266747246720271,0.0051996990839091595,0.0024237083377187663,0.004201714688552904,0.011813872868721598
bullish,-0.0006533298499660223,-0.001874279835536119,-0.005234268221175231,-0.005666984309323109,-0.003958082106334304
bullish,1.9333822828482283e-05,0.001979770184997731,0.0006414891627064545,-0.006523019460001445,-0.007020743731903867
bullish,-0.0006956308505893238,-0.002526553509527907,-0.004780397465437347,-0.011656057313036872,-0.009079396122079642
bullish,0.00360212842660812,0.00016436760061733224,0.0021140294461186038,0.004891389677996294,0.009133753442831072
bullish,0.0017175055250235882,0.007728480781279412,0.008963622351676914,0.007793155146556208,0.017974227136041243
bullish,-0.0025031310752609004,-0.0025733011829771613,-0.002549911147071815,-0.007132652417687235,0.0017320777238043483
bullish,-0.0007331463954699524,-0.004170230540171627,-0.00821421913621423,0.0026861780109477262,0.008472192824680924
bullish,-0.0016581117711517157,-0.0007324067131898593,0.0008939385200992245,-0.0009948670626910294,-0.005331864582732493
bullish,0.0004895075148485528,0.0009209775285283772,-0.0015609423418161406,-0.0005965235698980331,-0.009096526859848297
bullish,-0.001073566483141719,-0.005007683725849366,-0.005849988464992739,-0.027831320122203018,-0.03417273101820906
bullish,0.0030287540403217683,0.0031468328930308598,0.016048799341643827,0.02206706883675147,0.020109399887590307
bullish,0.0016840283388011024,0.0012129648725145437,0.0037037600568516904,0.005175833388997297,0.012224073396963853
bullish,-0.0009821239670233517,-0.0015413178600307553,-0.0017498972284787362,-0.0010255828308792792,0.005330953966331764
bullish,-0.0015334551804547791,0.0020691654632822853,0.00011562141107379631,0.008789459837605262,0.002415916939130014
bullish,-0.0005242536714824553,0.00041008078941873194,-0.0028727298350096353,-0.005544558237518649,-0.01343203683484484
bullish,-0.001903875131527899,-0.0059421006379507535,-0.006279085592673317,-0.010261146939975485,-0.008191520142051156
bullish,-5.977365738729645e-05,0.0020591535767970903,0.004061536968903656,0.0013083309096977302,-0.007357916514653673
bullish,-0.0029981242146618348,0.0026756305600847963,0.0011018709039731789,0.004838506759893724,-0.005351495575752874
bullish,-0.0002164947034138942,0.0012139387118241807,-0.0012508912141130368,-0.0014132907368169523,-0.004601965699871258
bullish,-0.0018700816762967643,-0.0005586959379518808,-0.0033839225659333394,-0.00677642045426019,-0.016132849806786087
bullish,0.0032854830622539577,0.0017082193137178958,0.00044231551695883553,0.0057387405976523365,0.013182860228319937
bullish,-0.0034275249775187477,-0.006389889552790851,-0.00943760185101139,-0.005789110370247763,0.010845167899560249
bullish,-0.0029279869098154387,-0.007525389257021398,0.008583598281879379,0.017112441693116986,0.012274942521980803
bullish,-0.0009347089329078129,0.0014485500038261545,-0.021785784292971067,-0.02874614051187485,-0.017674454657552685
bullish,-0.004675383613493844,-0.0028114892001661618,-0.0034443692758900912,-0.009687621532425528,0.008607755892812596
bullish,-0.0006745026436593138,-0.00047305361704952364,-0.0038955377814109404,-0.0029202282646650923,0.008059830010475721
bullish,0.0006110280301618864,0.0068973246367649566,0.013048448241195443,0.015565880905441087,0.017754334630637025
bullish,0.0008744237389068932,0.003834478351174342,-0.001429191418902298,-0.00149602753852629,-0.0011154381327251883
bullish,-0.00035490646728542075,0.0030808599773077816,0.0022343350885869473,0.00038115963110585405,-0.0028831233817240287
bullish,0.0018347504184768049,0.002720700133937104,0.0030408766453000613,0.003000797423333479,0.02331478989136615
bullish,-0.0016000089465763034,-0.0007354202525111653,-0.005030181109110798,-0.005434461264412049,-0.008081516065628014
bullish,-0.001979822822374744,-0.0002828318317678047,-0.0018186313048137448,0.0028651090823546,0.05946263219050718
bullish,-0.001245897175067956,-0.0003834050167513814,0.005344420583171194,0.03780889422515887,0.017485181053333854
bullish,0.00031100520796178976,-0.0009759349361490033,-0.002879315117357395,0.003855364200613609,0.002037480202611075
bullish,-0.002038212696383157,0.004804973364685106,-0.0006946392469192597,-0.0027242893639876087,-0.002789670122532839
bullish,0.00030626531326571893,0.0019192859642982452,0.0034914012367286418,0.001341733753354335,0.005693594679734071
bullish,0.002713768393387106,0.0005415339439918121,0.0011773500825982275,-0.0018278830972370264,0.010999369599671738
bullish,0.001993412458533017,-0.00016805602653902074,-0.0011205307777367723,0.012850742351640188,0.010984150387025382
bullish,-0.0007365953893124777,-0.0018050383441383655,-0.002410622885892444,-0.0018429092131392322,-0.0050803095330992365
bullish,-0.001312894001832099,0.0009729074156179518,0.003742243748297902,0.0027957812967709383,0.013070095284394068
bullish,-0.0004958070923734015,0.0005543322605976453,0.005398604930477502,0.005494060945752333,0.00446852162665734
bullish,0.0017359094348947668,-0.0020602387681663004,-0.01927135245331968,-0.021705329812043428,-0.024605773062132297
bullish,-0.00300996023478306,-0.0010742815173089282,0.0024054975671026213,0.0042503321118125825,-0.004826593120012768
bullish,-0.00039732709702555713,-0.0024976017394952033,-0.003077793401287221,0.019239428471100828,0.02216589220531895
bullish,-6.163175644280372e-06,0.0008570031867825012,0.0018285201571734966,0.0028712230438414643,0.009343770304136578
bullish,-0.0022191960389467136,-0.004040222991478992,-0.0037500809276723723,-0.0077717973469353385,-0.009990993385881941
bullish,0.0013512229476964066,0.0020876361676100963,0.002151590596805031,-0.005148952348789093,-0.00304919234953116
bullish,0.0004954368502010364,0.001253945309536153,0.0014924640578291015,0.004000415844965577,-0.0045020062023927165
bullish,0.0008340206075001522,0.00029652830458348767,-0.02413718652995689,-0.023185822311946658,-0.0296170231736147
bullish,0.0029604163682375173,0.0038580655429816257,0.0021391141033599848,0.009030836078880666,-0.00022599754890262336
bullish,0.00016441821365220655,0.00146729151490943,0.0007589700584034187,-0.0030770164107795095,-0.004866908149013471
bullish,0.0006413626135315376,-0.0021931136518988925,0.008315517597199618,0.012057026267567883,0.005302874252228085
bullish,-0.00014203880817931225,0.002686619773808019,0.0016490410410261447,-0.0022480769607988726,-0.005975412945193881
bullish,-0.001006830214562049,-0.0007954979185658129,-0.0003635482292257963,-0.006752478285084518,-0.0025978260516936746
bullish,0.0006621500445835871,0.00026299289885289845,0.0017927728177660196,0.003691357106240245,0.018547239222732825
bullish,0.0002475653831925939,-0.00020487777113753491,-0.0017274026010986043,-0.0035202823074077516,-0.005671783488431559
bullish,-5.436888515797378e-05,0.0017404216336764922,0.0007916182841507524,-0.00110029545762369,0.003549501703908886
bullish,0.00024033156832370395,0.002542851235331156,0.004167394701456439,0.008843940857428123,0.007370900325119001
bullish,-0.001953931912819673,-0.00722954807743259,-0.013747306672338033,-0.012837288005924208,-0.017537956913858732
bullish,0.002161054639674198,-0.001033592437572839,-0.000899792147148526,0.005119466985564092,0.005367159249451969
bullish,-1.6929466990611708e-05,-0.0005495391105588832,-0.0009206955776334125,-0.0012521233223055095,0.011816110724425233
bullish,0.0005013663054436179,0.0008733230394653013,-0.001777680035713658,-0.007116219260832057,-0.006099175420781644
bullish,-0.0002722969811267406,-0.0029352126256682043,-0.004503518001219398,0.002892673312252736,-0.011003502403471255
bullish,-0.005534608955878539,-0.00637103255740501,-0.007976824113527625,-0.005639459179886619,-0.007463951003119473
bullish,0.0021616402155677505,-0.0005462951140935424,-0.0012381549059490293,0.006066208411894758,0.019205154623869847
bullish,-0.0007819346354105416,-0.0007200408206468056,0.0028975605905510182,0.010690397885167346,0.0012156634502342722
bullish,0.0012302192145348112,-0.000760304165305814,6.086333032406799e-05,0.0012302192145348112,0.009818866132869086
bullish,0.0013011718915807435,0.0017358385992334302,0.004004706084283605,-0.009777056779689208,-0.0011098721757647478
bullish,-0.00012722145424393094,-0.0003372739839646588,-0.002421940834946179,-0.0018938346696156794,-0.0031489742880840277
bullish,-0.0008887926425211745,8.06134926767399e-05,0.01638711434648421,0.01716480790869035,0.018811873994178496
bullish,0.0003111078222457486,0.0006222156444917193,5.4587981163312094e-05,0.005595268069238601,0.004615348301779898
bullish,-0.00036690663483951447,2.9830868325975146e-05,0.00042391577241285283,-0.0038512477228144215,-0.008493209139804114
bullish,0.0006798437834634186,0.00034685817442214883,-0.0005697440582151936,-0.00033857867508380046,0.0024689643187487675
bullish,0.0013605750957115248,0.0029580631834080773,0.002702002368689227,0.0036741785330651755,0.005398408020491852
bullish,0.0006304019951735018,0.0015424729669137882,0.002368723425336894,0.0022425571843283088,-0.0017061521504775357
bullish,-0.0014274996990397693,-0.001347000385194419,-0.001290607932535548,-0.0013791786442489684,-0.00035144927100683176
bullish,-0.00020951025286364278,-0.0005586581975908222,0.00017457397236353422,-0.0019390924839191026,-0.0014530355728040734
bullish,-0.0009249747063952984,-0.001059409325258387,-0.0010889204127912944,-0.0007636531637595922,0.0007878083760770593
bullish,-5.667290126221136e-05,-0.00023767170948851835,-0.0010104289810086708,-0.0029070691079560174,0.001550896523366152
bullish,-0.00017679858561125972,-0.003372773017815911,-0.0036964069087447315,0.0010499551203591029,-0.005573191894464813
bullish,0.0006599703533696211,-0.0003818136528140892,0.0018954320621840104,-3.0043279995783934e-05,-0.006291830821992361
bullish,0.0018225699641529758,0.003374493811568513,-0.00018780202745782848,-0.008185062296104051,-0.011507132367976625
bullish,0.000362321878105476,-0.0015997458529419806,-0.0018589676470867067,-0.004779861699620969,-0.0001225874268200311
bullish,0.00023426614440680282,0.001466577885084197,0.003554809746247889,0.0031812508215096624,0.0038336183537965862
bullish,-0.0012818348439602723,-0.0023941138727689992,-0.004126510705719122,0.0004643542489468633,-0.0022828859698881265
bullish,-0.0016392532499267531,-0.0006394682826702525,-0.0033986120613821447,-0.0002205733275618682,-0.0005669268469775668
bullish,-0.0027965349154619457,-0.002757583354224158,-0.002559772708281005,-0.00199441798278599,-0.0067352107183643595
bullish,0.002143595825094824,-0.0009287688166760288,-0.0019725086046411544,-0.00016275956907740863,0.007553224691077887
bullish,0.00394143528890023,0.0010648629066529747,-0.002811238073563871,-0.000755388189269679,0.002731705592791789
bullish,0.0008065290945578063,-0.00010371772360018294,-0.000719884800507109,-0.000520986068081486,-0.004075104985907463
bullish,0.0018865516598829402,0.0009516149076005398,0.0024224853148508974,0.001261444574738979,-0.004102558286134039
bullish,0.001332813097050245,0.001509356552530372,-0.00030191687598668526,0.0009511338468686237,-0.001435380994400992
bullish,8.656559452524526e-05,0.008013065449060441,0.010661995725691042,0.014268895497575595,0.017064918032423826
bullish,1.4322256828291913e-05,-0.0010168802348134998,-0.0037638432632711716,-0.011096838759391159,-0.017057807882576048
bullish,-0.0025948201512077107,-0.006592056043823624,-0.007490062072063153,-0.004717348048556613,-0.003058459117191492
bullish,0.007077232069853556,0.0042856581092083346,0.0029674519550768608,0.001666751578672132,-0.006104829471461848
bullish,0.002116467946409628,0.0030608093032424843,0.010961255576641404,0.009928229772711461,0.012536002451811301
bullish,-0.002700782703266902,-0.002063773746367792,-0.0006487045202577812,-0.002595052931700925,-0.0023249981464411595
bullish,0.0026036911950908515,0.00400130929981235,0.00432865784219727,-0.0002859965214293547,0.008138304181219969
bullish,-0.00033186583007593917,-0.0007375300517966643,-0.0013871919078838335,-0.0009133799093771211,-0.001086461192609578
bullish,-0.0008454404492208578,0.0007652563473865559,0.0018952802105205446,0.0037573212509669496,0.007230059088020768
bullish,0.0005978189089659303,-2.6779202157989346e-06,0.001362847156204161,0.0025475590596557574,0.005352734044067553
bullish,0.00041359187425693555,0.0010544132210750234,0.0016268731587754104,0.0017501162625372935,0.004324527763344133
bullish,-0.0008781648816118537,-0.000547143228418645,-0.002631758928693495,-0.007060883362742243,-0.005074753443582658
bullish,-0.0004319190963263386,0.0012792508266985525,0.0040110703340356935,0.003623168470456184,0.00030536955217974615
bullish,-0.0016985439491419285,-0.001119619001845984,-0.001848736742072421,-0.00310489464658259,-0.003752089045210849
bullish,0.00038109442642553226,-0.0003509358746940361,-0.000852664508045442,0.0032708320196084273,0.010596618403844849
bullish,0.0017544243192726405,0.003593563831531643,0.004470775991167963,0.007301903085819239,0.010201348884492312
bullish,0.00036156021326649856,-0.0002644246335828937,0.001877954540548732,0.002061432857728862,-0.00036695663436003834
bullish,-0.0007460803941882199,-0.0010842319397553757,-0.0025361365917544454,-0.0034029853950737765,-0.0013311362428679585
bullish,0.0013833305971735488,0.0012918262386056867,0.0016820654148510528,0.0012057044893654112,0.00593701808825875
bullish,-0.0001922927978336153,-6.409759927783476e-05,0.0011751226534268966,0.0019309401782445779,0.005269356807298564
bullish,-8.825251987676364e-05,0.0020859686516352394,0.002029807957168117,0.0024817678316890746,0.005399449625194341
bullish,0.001097694840834107,0.002754544095896261,0.0027519673474436512,0.0016980772303045732,0.004166602247955398
bullish,0.0001518403565932136,-0.001981645331809778,-0.004287559899733839,-0.002509226231837025,0.0023084881332902096
bullish,-0.00019534161650325288,-0.00016706848779890482,-0.00034698839773605883,0.004641933676380772,0.004554544005839878
bullish,7.412936340744913e-05,-0.0005853663524263419,-0.00032207930308192356,-0.0007387374491319987,-0.005434449193268187
bullish,0.001508712497718001,0.0028855711300890263,0.001729314157048245,0.002140089660628508,-0.0015518185690811537
bullish,-0.0005313576948184906,-2.783302210951355e-05,-0.0012221226980826394,-0.004273634031183193,-0.003600580951079735
bullish,0.0004392412551637026,-0.0007210665691703699,0.005235349526863553,0.005291206796306458,0.006591157794247238
bullish,0.0013120317129529102,0.0003082637616840245,0.002389681061650384,0.0042621923413015406,0.005018839756344207
bullish,0.0003407670076045477,-0.0007430258060548978,-0.00200104536044432,-0.002882427695902634,-0.006390021932072054
bullish,0.0004288495020723371,-0.000261932031205947,-0.009331970601981432,-0.007888776469259007,-0.003435931938759351
bullish,0.00013724951962656995,0.0004480031489699776,0.00014242874678238593,0.002157148110358831,0.0016754799848766044
bullish,0.001731871094864168,-7.259339918597174e-05,-0.0007570454486530709,0.0009851961318088076,0.005478209017137248
bullish,-0.00043483662566767833,0.0008955563838159986,0.0005357808423407384,0.0025417236095581774,0.010218660703193105
bullish,0.0009638506081499632,0.0017479156106343652,0.0016879870754127335,0.003196188545159906,0.002769197731705031
bullish,0.00035171372512565746,-0.004743110807408968,-0.007544259403945652,-0.007076982597707282,-0.008800379850823048
bullish,1.013530633975357e-05,-0.00028378857750965825,0.0011984999746617042,0.001738205037247198,-0.0014012061014544441
bullish,-0.0009107813745209414,0.00043262115289732783,0.0012953335104295416,-0.0027196943822498376,-0.00701554653207348
bullish,0.0005224527890355102,-0.000243473144404871,-0.003910787382004455,-0.0025361785875513965,-0.0018970615834885685
bullish,-0.0006378608697871213,-0.0006174493219538446,0.003574572314286817,0.0036153954099531482,-0.004914080140839605
bullish,-0.0005072613039447393,0.0014496858584818195,0.006079410855906797,0.007701617056339538,0.0066407456998660574
bullish,0.0005022422439266983,0.0005481323981939568,0.000537934586134492,0.0039949928742788465,0.010113680109932632
bullish,-0.0009407574989470646,0.00025725808282195395,-0.0006557558973893096,-0.0010794750926256258,-0.0074276966069676265
bullish,-8.187891643485212e-05,-0.00015352296831538936,0.0002763413429678341,-0.0030013740305663283,-0.005531944291632174
bullish,0.00021729740329590186,-0.0008267901198582006,0.00019344768830009684,0.0052972866974239086,0.008228151673587591
bullish,0.0004791642532935292,0.0010425771665067973,0.0031540592057457406,0.0026354033931146326,0.0010267805427719434
bullish,-0.0002756390231353212,8.137914016370651e-05,-0.00045414810478494605,-0.0016564592723656846,0.003559681098775913
bullish,-6.275133215838391e-05,0.00024839068979409795,-0.00243684339882122,-0.0012916315869287986,0.007415115750061707
bullish,4.058029826525811e-05,0.001148929694633427,-0.0013391498427514081,-0.001468499543471724,0.003771431470021236
bullish,-1.2696220081376275e-05,0.0007770086689791178,6.0941856390384075e-05,0.000139658420895028,0.005426364462772115
bullish,0.00018425409902267376,0.00027259510540345033,-0.000338219853000421,-0.0007243962523220127,0.0004745174057023682
bullish,0.00022041999592703476,0.000328234124369553,0.0026330606035196435,0.014217089737292854,0.0157552379697401
bullish,0.00019941335373840907,0.0005054896641276674,-0.0013912559563145077,0.00015303815519462916,0.0034039395731164657
bullish,0.00023576728382224132,0.0001664239650509547,0.0004646002357673318,0.0017081570857315764,0.005052816494464096
bullish,0.0013390373245110165,0.0010481430091862087,0.0017453658919490689,0.0022625113414151965,-0.005411557739058437
bullish,-0.0024426169708777756,-0.0039294273009774505,-0.010022117458016067,-0.008800808972577068,-0.009498039903772737
bullish,0.004955907003862725,0.005428457908879913,0.004925344010005883,-0.001981892601639501,0.008014557389073973
bullish,0.0020523392953324393,0.0021962816441001287,0.004564365446406926,0.006776898646013052,0.007719488865362889
bullish,0.003205697377554939,0.0005050703062476902,-0.00030211968090643193,0.0032910288904826057,0.002975071666939666
bullish,0.0005249404261689072,0.0005387546479100891,-0.0032164112954286006,0.0007989224907041237,-0.004947793753669383
bullish,-0.0006840779171519706,0.00033187938554912755,-0.0012778485185084287,-0.0016955198540633543,0.0026798695962360064
bullish,0.0010782174990369153,0.0008206306546580944,0.000651945464534176,0.00041259485692535236,0.012507778894747412
bullish,-0.003840024961276667,-0.003285082294208763,-0.0048585341936059345,-0.002052619262527977,-0.004394967628344348
bullish,0.001751348830117072,0.0006256418996193336,-0.005052226522731518,-0.007758856532912306,-0.013643029811051477
bullish,0.0012253954685375046,0.001591422686412436,0.004119511296827527,0.006829476785689792,0.005181217574762531
bullish,-0.00044284062960586734,-0.0011264048835101237,-0.00035200152609693447,0.00042921476407942194,0.002302771273950288
bullish,-0.00018060603357927807,-0.00014939017592363601,-0.00045262993600758694,0.0012397154897545448,0.0012932283885929152
bullish,-0.0005143345712987912,9.796848977128292e-05,0.0010153098030833974,0.0017723390422244023,-0.0016164800812247249
bullish,-0.0006008162970291275,0.0018476230487587397,0.0031938129473654264,0.006301794995155152,5.420898920571737e-05
bullish,-0.0009433424157463399,-0.00482201541816385,-0.008143458249419644,-0.012910628178296135,-0.014681040572499082
bullish,0.001821616364449108,0.002167521321446708,-0.00019541383934296164,-0.0011432832669600046,0.000664856280982562
bullish,0.0010736155066837227,0.0005334457006069826,0.00209567953809886,-0.0006410313881243246,-0.006529106411210295
bullish,-0.0009859747355280835,-0.0037562019167710625,-0.002383526080840803,-0.005318836187986453,-0.011295742669639619
bullish,0.00038602158171241463,0.0007077062331393158,0.0007321098963510853,-0.0009473058355813357,6.877395996029989e-05
bullish,-0.00012865690909413807,-0.0007806639568760376,-0.0026407375747954376,-0.007725956422378499,-0.006500444847617803
bullish,-0.0008430900911466921,-0.00251378042924566,-0.004042849334711329,0.0017437138893006132,-0.0034276812367092235
bullish,-0.001847020627278373,-0.0019533239727332896,-0.0029366299181908806,-0.0012379910439431763,0.023422170448555768
bullish,0.0011631994375738142,0.0013698484219049067,0.0032105156637798338,0.002807869704619881,0.00513000777596706
bullish,0.0012918794408356415,0.0039122009481906694,0.005797207427900464,0.006664554159404812,0.0018870377366921876
bullish,9.973032107057911e-05,-0.0014756016893094914,-0.0017625807764717338,-0.0018073576553198079,-0.005100493563323649
bullish,9.869313835952909e-05,0.00046056797901128377,0.0018566646653892516,0.002027321550469141,0.011228400595448607
bullish,-0.0023852376830187927,0.0010504179874737396,0.009682113623671995,0.007164016748561819,0.00038197017726315785
bullish,2.260709081669532e-05,0.0006802679145780921,0.001740745992893089,0.001744856373041559,-0.003144440813608651
bullish,0.0007452521229334153,-0.0010330022481772616,-0.000728690964646117,-0.0008114967560831632,0.00014905042458668305
bullish,0.0006422088670399173,0.0004889073955529621,0.0009011640553624467,0.0014832953187116082,0.005032017219484208
bullish,0.0002652955768891463,0.0011027584800544776,0.0002930130252210006,0.0005543489666341994,-0.004779280019481247
bullish,7.449479442445117e-05,0.0007691084181129515,-0.00018724367247258122,0.0024241008780319095,0.002395913658519877
bullish,-0.00020089317103844095,-0.0006046884448256407,-0.0014825916022636054,0.0005223222446999465,0.0018522350369745144
bullish,-0.0006032179356798562,-0.0024360724325536154,-0.0044680661838345515,-0.0034878370383546464,-0.010562114046857585
bullish,-0.0011298340132364082,-0.00024805961182550185,-0.00013371963449970714,0.00047673956647709126,-0.01585449753393864
bullish,0.0022366896202572484,0.0009314596031309019,0.007354773384382174,-0.0087608620846501,-0.010372623393677172
bullish,-0.0019136298991633272,-0.0053196504115107235,-0.005779001823364327,-0.0043106820265220724,0.00015445440485906126
bullish,0.0012123903897054422,-0.0007142299820542819,-0.0023067427711723765,-0.0014264593199010411,0.0040032890590770975
bullish,-0.0010713088721131525,-0.0004049826834989778,0.0006364013597841556,-0.0019032191135867071,-0.001943118885360029
bullish,-0.00023840502994199042,-0.0005252992185164063,9.69783172646288e-05,-0.0007394596691422395,0.004859017771276619
bullish,0.0015804967913275458,-0.00012173274387639044,-0.0009150244581372924,-0.0036256068884502612,-0.0029682500715180193
bullish,-0.0027626647946068505,0.0031405180512682485,0.007678886674994612,0.010877218339303996,0.006274841786853669
bullish,-9.085521601848168e-05,-0.00032005814733826465,0.00017964554076410622,-0.006211192949635125,-0.014716480103740048
bullish,-0.0002865847200503868,-0.004334074715544034,-0.007976608041401212,-0.007932997323132573,-0.0035594652910599933
bullish,-8.067468862671401e-05,-0.0010218793892718958,-0.002138913539488252,-0.0007964039774690512,0.0021802851746812735
bullish,0.0010437530554530117,0.0029641761673635525,0.0005837591199469028,-0.0038779757791533864,-0.0018977328280963546
bullish,-0.0010165066336549344,-0.0010312691781270145,-0.002089954510273828,-0.0046270032245615544,-0.00918441159661132
bullish,-0.00013369693239817515,0.001788992285899349,0.0015237205946330157,-0.0021858387360333964,-0.0011459737062700093
bullish,0.001834300171008163,0.001206994356317992,0.002192464877085243,0.001318791432203259,0.007130169062022462
bullish,-0.003918830750561986,0.0007916619914973833,0.002854970016581193,0.0025827712740980058,0.0023791416804843646
bullish,-0.0004236269801506376,-0.006193507916529284,-0.011606971922492604,-0.0001873734719898268,0.007953189218693257
bullish,-2.2604117648206135e-05,-0.0005137299465515222,-0.0026426268450611134,-0.0035118579146261597,-0.006327098021728594
bullish,-0.0006165863798337501,-0.0010042727992609635,-0.0022436320443447455,-0.0028251616734855656,-0.01254413026263701
bullish,-0.003504826438074149,-0.009256496967699368,-0.014970615785487862,-0.0124024959371134,-0.009223117668288983
bullish,-0.004404313915109204,-0.001036432821073463,-0.002180082830533725,-0.002192696617402845,-0.0060882544621271295
bullish,-0.0011366920750777165,-0.002799670424005418,-0.0035351770608206268,-0.0010827693011176143,-0.0005651106711012099
bullish,0.0002783357678723952,-0.0007335981478804321,0.0037370352709673593,0.0003646414323288383,0.0014369893132011313
bullish,0.0014825057815557319,0.001569202026091343,-0.00017772730129761438,-0.001863969257511644,0.0016515634584000072
bullish,0.0006163153086602424,0.0012588568006679512,0.003571131965783403,0.005723864515536636,0.004799391552546384
bullish,-0.001071716016435742,-0.0005210318973185579,-0.0014402507730757463,-0.0005316219765323371,-0.000569746261702031
bullish,-0.0014220386362817639,-0.0009607225310594991,-0.0022917676236505757,-0.0022917676236505757,-0.0023002321393428282
bullish,-0.0015622624938775864,-0.003802209123612954,-0.005738147916701797,-0.00952346771605661,-0.012305983887584526
bullish,-0.0026458704528780075,-0.003077936606056264,-0.004994428057777056,-0.005257517844118098,-0.012947012005877667
bullish,-0.001456037519787845,0.000133561336401522,-0.0014845014111521948,-0.00019705770944500323,-0.000707218223897077
bullish,-0.0015763035572571304,-0.006745619925523472,-0.004626440039418589,-0.003098101459007463,0.0002441853366703661
bullish,0.0007070897237753115,-0.0007180353851339305,0.0017666297433025502,0.0032990223335276347,-0.001155861839484018
bullish,0.0016664617438348905,-0.006619739338157848,-0.008810949905149856,-0.007144488161315299,-0.008810949905149856
bullish,-0.0007863672711726499,-0.0008594662006057296,0.0011230653703788729,-0.00016391881145572107,0.00037657024253334725
bullish,0.0003906284679373595,0.0006059180212893978,0.0008278660144356298,-0.012981738119123953,-0.018532657427711485
bullish,8.808184836373023e-05,0.0014115680827517796,0.0016283849402622952,-0.004218894685728558,-0.0017300178422204882
bullish,-0.0016994059977971654,-0.002464477223897199,-0.0007289616697058188,-0.004342174156390488,-0.004601711592973068
bullish,0.0013445096167579162,0.0007640805073312329,0.000242601229330619,0.0002720761450438758,0.008998918497323372
bullish,0.00034019642645843895,-0.00041415217134066484,-0.0031124803489019914,-0.0043570498842063765,-0.0026391635816556125
bullish,-0.0002715765442732332,-0.0014469937749563844,-0.0017313004697425693,0.000821094708076453,0.0013875864058965348
bullish,-1.5111185947547234e-05,0.0007793054467191141,0.003583509810397789,0.004373608961365072,0.006042315638134399
bullish,-0.002053430161747416,0.002017005679942674,0.0020875781134395144,-0.004461999021092011,0.02349606729423015
bullish,0.0003170359707298509,9.639607218137058e-05,-0.0014802152417184855,0.0035709389405855774,0.011132675269480474
bullish,-0.0019372682234024552,-0.00476738246616526,-0.006987039198016687,-0.002236267820583615,0.003999119612297264
bullish,0.00010243193909809101,-0.001294739710199666,-0.000962860227521789,-0.0005592783874754925,-0.000344171315369568
bullish,-0.00014230418943528278,0.0035555718188915453,0.003374642206609435,0.004360606947697132,0.013215993364558809
bullish,-0.0005452749902556953,-0.0029707389283933905,-0.00290409420736204,-0.004931709356313041,-0.007973132079739487
bullish,-0.006579823488819692,-0.005829227249064761,-0.00584133364002859,0.011959096540397063,0.008728707884892328
bullish,-0.0005980849280597944,-0.0022443186932544767,-0.002800397656467224,-0.003882551322287764,-0.0082311688259733
bullish,-0.0007586457366530741,-0.0017210766312901749,-0.004184657600581065,0.003559178402808616,0.0007687341108106871
bullish,0.0027353138732206794,0.0042203141564631785,0.007113434599292701,0.006300123817462255,0.00531484433798135
bullish,0.0015382037736457743,-0.00034922474126086733,0.0005046600307236915,0.00029472145794251503,-0.0004844736294947749
bullish,-0.001233783906377517,-0.0023304807120464455,-0.0027881097100003194,-0.0016531091556039046,0.000233854465914618
bullish,-5.2287897161718e-05,-0.00041428103135865424,0.0014017178585290502,-0.000617399401102392,-0.003328325761643658
bullish,0.0009489826140742785,0.0006910850034553828,-0.0001853639076323521,-0.0004472911684171299,-0.0028751553933844542
bullish,0.002591399767518876,0.0024365430491875006,0.0013897900417330078,0.0006645117406876011,0.001168286128170326
bullish,-0.00027985037858635486,0.0005261975428347831,0.0033049935555580223,0.003602580929970234,0.0021737673773287725
bullish,-0.0009038795929982024,0.0001339080878517418,-0.0010771724125707705,-0.005269677104276949,-0.0092495042446894
bullish,-0.0014101211395206592,-0.0019416435943609978,-0.0017492641983927193,-0.0025088653185564302,-0.003984435118561169
bullish,-0.0005919152744034983,-0.002060742066442023,-0.0017000125557784518,-0.0015784407317427362,0.0016701178449500809
bullish,-0.001058315162261625,-0.003891804247637798,-0.002735644853393393,-0.00352438917243747,-0.004037572185081273
bullish,0.0003512777728988947,8.58235467877666e-05,-0.0002654542261111281,-0.00038121621945297335,0.002019847194168811
bullish,-7.03651953639639e-05,-0.00019300167871250107,-0.0016847438204280474,0.00016686603472026995,-0.0020325489289412246
bullish,0.0004464411401543522,-0.0011060478697517695,-0.0007601565359384166,0.0003056714112770198,-0.007100827323806569
bullish,-0.0007914706450989906,-0.0010754333956306539,-0.0013372430237803545,-0.006063913771992002,-0.0074353934394535415
bullish,-8.307903044746379e-05,0.0008652377073430362,0.0024072655651603547,0.0047213205107941025,0.00905358800095657
bullish,0.00032056679455538806,-0.0009840183250587886,-0.002909447996153114,-8.927176557227412e-05,0.0023474416538000753
bullish,-0.00023553969046830048,3.8579776887148753e-05,0.0018294936302758469,0.0030234361992016456,-0.0007797175960332359
bullish,-0.0005177822674802268,0.0010254119414805363,-0.00016853305176811606,-0.0022274790095129227,-0.002026457658608982
bullish,0.00019018676340176732,-0.0007287155987180105,-0.002348306036527914,-0.0018658322472668853,-0.002144105511612371
bullish,0.0008789991450828261,0.0014348958646903665,0.0019847720422081494,0.0029400313870928674,-0.004706057066711566
bullish,0.00041333420208156113,-0.0001282761316806491,-0.0012847974458798372,-0.0033555407144369997,-0.000313563877441303
bullish,-0.0010072546557773343,-0.0017359499077523877,-0.0010637739550993786,0.001279758420366317,0.00320545169012898
bullish,0.0001291473690694378,-0.0004470485852402506,0.00023047838172374213,0.0008821758748740471,0.006159336063310095
bullish,0.0002449614975839065,-0.0003931236937031457,-0.0005294329141329879,0.0017285589547255675,1.1852975689619072e-05
bullish,5.524774668108634e-05,-0.0003906804943885067,-0.00086620574260865,-0.001029975848842235,-0.002174393458666879
bullish,0.0011925773982730536,0.001675571244573737,0.0020174434320787693,0.0011647505923135792,-0.002506400165370737
bullish,-0.0016579275905118651,-0.001987515605493151,-0.0018956304619226483,-0.0029443196004994565,-0.010492883895131144
bullish,0.0005291133514282453,-0.0005695036835984268,-0.003479627116453443,-0.0028818502003361557,-0.00397642820214561
bullish,0.0011011831127587524,0.00018860042262724974,0.001050484074418101,0.004944170218979416,0.008034783596224893
bullish,0.00042002922288619793,-0.0021558845895059964,-0.0032208875954022886,-0.0015467426833297715,0.0011943958944631294
bullish,0.0008692722237617634,0.0029547280633372974,0.0023207175882082876,0.0027453849819265574,0.007336976567531073
bullish,0.0011095276084549521,0.0007997118713645168,-0.0019479664469556068,-0.003009085346490248,0.0052455676986111754
bullish,0.0021519493786925636,0.005630416289557738,0.008458248686106673,0.008279566968742325,0.008660236714431724
bullish,0.00043892916684318273,0.002622024233510434,0.0019309033085248561,0.003877207640447633,0.00024641637436806363
bullish,-0.001757021819086546,-0.004081073731270091,-0.005664514909612617,-0.0050029798009995075,-0.00776484066261518
bullish,-0.0008459104305024168,-0.0006693557305581521,-0.0026522008222403803,-0.0006014500767334008,-0.0023999798223199864
bullish,-3.524304977697845e-05,0.0009221931358287527,0.0009554782383955907,0.0018365544828180536,-0.007585087490871056
bullish,-0.0002930706378388992,-0.0009241494113186866,-0.0019342662097370233,-0.009223909874917391,-0.004239755227403275
