ret_fwd_1,ret_fwd_3,ret_fwd_6,ret_fwd_12,ret_fwd_24
0.002068280656096988,0.00861554634797801,0.009567510187309614,-0.013697222888059413,-0.03656473649967462
0.005729543724336761,0.0062212396453094065,-0.003919847876311833,-0.019196361631836578,-0.046273406765323655
0.00045471512436812134,-0.01007838745800671,-0.015711425565848813,-0.025674437544538242,-0.06262852489056292
0.0025668581148095004,0.009884121825714631,0.01636628734002521,0.015182116974681303,0.03528574288491404
0.001281273697147034,0.005582721020840342,-0.0012878173783438251,-0.004432190204743391,-0.02520722746646442
-0.005073867337102467,-0.002598813276711076,-0.004363911106479379,-0.013052660031784957,-0.03648750749029528
0.022772016147240226,0.020492115175878567,0.021270125234384984,-0.015824048059534968,0.010249436857715066
-0.0029194314554219503,-0.026116414415659372,-0.029848275284832027,-0.025753135923969994,-0.0006208693625511241
0.0031125027006588812,0.015258723128443341,0.021085394836340088,0.025872306092686648,0.013226477260451563
0.007772380291464209,0.0002709758434948917,0.0017976934007468692,-0.01585539142791048,-0.009609728693698139
0.004606643124551946,0.008576049438440814,0.0,0.00163289568011038,0.008436655338130317
0.002744418580044483,0.0035975029097450317,0.008689556660670839,-0.01986562268543013,-0.01719394773039895
0.007465728782287906,0.005073800738007339,-0.009646810753821788,-0.01668424486030573,-0.03144439246178177
-0.003205926702943618,-0.014646299088703851,-0.028309185078345234,-0.01724250967022878,-0.028020717235953563
0.004601331856531443,0.010009435123272015,0.01113071064254556,-0.0006700373302703788,-0.006631934473752543
0.001706884418014809,0.0036101884583250587,-0.00898142083326392,-0.030432537899677148,-0.002810929454550526
-0.010022204075021413,-0.01254631473095269,-0.018073718878863,-0.03501360590128977,0.002206902835237612
-0.0004000786595330652,-2.034976368237018e-05,0.0012680391398987023,-0.011724339022587515,0.0026717117263732604
-0.0010448827708943176,0.007145649917083441,0.007496184492591373,-0.0007887179625460927,-0.024976068813956975
0.0029283363556988906,-0.0015111827523675014,-0.0023910336490026163,-0.038048223520720015,-0.030861709987238917
0.0043432564679022345,0.010308273764364495,0.021138566586158536,-0.004141406407695336,-0.007886080002227347
-0.0002592668399615805,-0.02518916429580198,-0.023347053646355698,-0.019103369697962114,-0.017772956451139743
-0.0031396371365460807,0.008786796882597203,0.00708500618201513,0.014031090674186952,0.035876526402067066
-0.000848364669692292,0.0046763066778860995,0.006897217662394928,0.02533347357675919,0.018174168540410873
0.0023289904511392123,0.010706499253352986,0.018309968079130767,0.021543161673037048,-0.0005753976408696682
-0.000443783998224867,-0.0020709987157160326,0.0018759959924958824,-0.011558555953765759,-0.01812790392748842
-0.0009532247160627394,0.0024540224445646075,0.01001892915089253,0.006199296917252628,-0.011431861817198463
0.0062178469967417715,0.007546387701532931,0.0076475456232174555,0.0017871232830946049,-0.010479960686524792
-0.00041498775116799447,0.00010040026237945199,-0.003781743216288991,-0.012175211844553724,-0.007543406380102091
0.0004966525617338124,6.622034156444911e-05,-0.001231698353100108,-0.007549118938355526,0.007833859785048691
-0.0009724365019149195,0.0027333600715755413,0.0015572295987833495,0.004605970042222296,0.014179277857072403
0.0009122710298161696,-0.003964119527194221,0.0042397566402172515,0.005887094974633689,0.018494818431812554
0.0008110075542038242,0.001608947316785958,0.003845769972857127,0.009529415612021364,0.018672945485463943
-0.003003583478323857,0.005420802339156872,0.005661871384204709,0.01370184980552791,0.007785878617083908
-0.00021372735692037903,0.005038631668253357,0.008335107864280822,0.007862337847377443,0.014830933830720205
0.0004427312945065598,-0.0011549344648799087,-0.000673711771179919,-0.0007635400073372489,0.005537275545143716
-0.00045946842793787024,-0.0005169011837529158,0.004122395584059246,0.003139657317890343,0.0014358188953766948
-0.0036375011109277544,-0.0024567436486675476,-0.0009649264248441369,-0.007186121656107547,0.0029836344476468213
0.002443746231235444,0.0028626741565902503,-0.0022279412231426265,0.007807293154336925,-0.0027928528356977456
-0.004253278564014251,-0.005076084204663434,0.0005696346742956049,0.004911516747259537,-0.006012810450897521
-0.0007112062183339818,-0.006589678069043647,-0.004670050665575687,-0.01473393334801898,-0.010850615224848092
-0.0017605855997980813,-0.005944349088155443,-0.00802676216318543,-0.0035968953114153823,-0.0003155171325802675
-0.0023010679476995755,-0.0012734677409187434,-0.005919740010843388,-0.0035367099141354608,-0.01122164642987733
0.001641517772586587,0.0040027716396238144,-0.002020329566260526,0.002613795062819557,-0.009628133089210178
0.000478342693275291,-0.004777063799860648,-0.0034049998955527627,-0.00847158938893533,-0.011712947884701785
-0.0009489055803857394,0.003891149728964205,0.006565917136762911,0.011011132197265017,0.013787789137819306
0.003034065159773336,0.0055614034328730355,0.006277164107308053,0.008861497199421642,-0.006986577948152162
0.0005045822374438735,0.004900748673894784,0.0057648520627953115,0.0031284035648735387,-0.011245882924306394
0.0008536011297661794,-0.000326383179036549,-0.0008598838851404667,-0.011128197081437308,-0.008523458339871337
0.0005936067329754824,0.0036121664347736893,0.0028733091862114257,0.0009472447866629707,-0.002639649157202495
0.0006305051016091134,-0.0006809392046868146,-0.002383302979031332,-0.007244503617488296,-0.0052205759362721205
-0.0010031229559073207,-0.0078862363592479,-0.01652955140898371,-0.0035834994926531305,0.0009778933085466956
0.002326097290445306,0.002566946601172626,-0.0018253842497226724,0.007092372048803641,0.030942798288702278
0.0007845320645847309,0.0030242382446727945,0.0038150971807460188,0.010508933542541898,0.027389026674090156
0.002751440570474495,0.0026439193331009303,0.004187256112861304,0.014364423648248303,0.03282120717285508
0.0065402223675605775,0.008026059293782861,0.008934064398966157,0.023944827192085683,0.034009149961583995
0.0003903432557670339,0.005571925052886062,0.009255061952251342,0.024138712601994516,0.023704291326684723
0.0059637371960423735,0.0150590759940612,0.014747164726578665,0.019195013162655483,0.0467398535264687
-0.0012978306011097729,0.00047977291335143946,0.0012732333282479136,0.0013839425841217778,8.611198301200496e-05
0.0027414487479124894,-0.02919340165230211,-0.03275133131306829,-0.0340624589751134,-0.025641437622398122
0.000314560522654439,0.0020930312745750523,0.0022382191035024146,0.00551690762809276,-0.004270764019115525
-0.003473641214173595,-0.0037380646394027384,-0.010126445408101481,-0.01057717739955999,0.002494050352737087
0.00012001272134853913,-0.0021662356209758427,-0.0008700922297764091,0.0015061596529231114,0.02007812828159783
0.0017501738485437013,0.0040365826588208975,0.008426734601626018,0.010654221090727223,0.02335914992138477
0.006121502768007936,0.004372501977148557,0.004742257177900777,0.01047053409360399,0.019884613018227304
-0.0007713524424486362,0.00036814548389596524,0.0022088729033755694,0.007152546673557358,0.012645511036449397
0.0020307278128481876,0.0020249199313033817,0.0076007240995172864,0.005453954697363539,0.006602766431488938
0.00010364961822384444,0.0006276502631548109,-0.002130575485713604,0.00010364961822384444,-0.002740979604058391
3.450080214362217e-05,0.003524785951273257,0.005928387835017146,0.010847673208401964,0.008975958691039398
0.0024691658221847046,0.004108668935153492,0.012540014710933578,0.004231298065384026,0.0025433226864666203
0.0016097567180157757,0.009786888297509844,0.004143973917695387,-0.001851628654811921,0.0009755198067973314
0.0018047115410639858,-0.002207637663914075,-0.006231342895425485,-0.013552319521198508,0.008013348058598213
0.010812296190676696,0.012899473145483897,0.01693127704173958,0.018847373450850746,0.013407017800400434
-0.001012281678787752,-0.0007941701246297894,-0.0006543514407161277,-0.008282853242299382,-0.008372342792751564
0.0001922960515001737,0.004147993900453395,0.008420467882239047,0.0070857735847793535,0.01673059343543226
0.002148688470196891,-0.0035623725315787613,-0.0012790207696529166,0.004726454894260046,0.0055876851014378115
-0.0007989018660342628,0.0018310633648690455,0.0040475699335040805,0.005850617839870509,0.00900941141636924
0.00583470159216426,0.004187687075785984,0.005938668652773149,0.009021795646491748,0.021194238417110656
0.0008480611259602533,0.0017436795924934412,0.007467241355182619,0.002104681005891562,0.024928957863949996
0.004643499245223781,0.005713599076579534,0.0030649254172201434,0.0053364177194459295,0.02481855565087976
-1.1058097132865541e-05,-0.002911588093076123,-0.004324337719349036,0.008704410024649167,0.026546161238203192
0.00021473952641604122,0.007504035422794431,0.008002334188481619,0.02011460365097717,0.00500459154113031
0.0013481877991956548,0.011715162610468344,0.011378782907089269,0.016325660356827143,-0.00799875318990273
0.0019791965351958485,-0.0017602495813573427,0.004891221304365034,-0.007919641406334166,-0.022060776663378134
-0.003670057013982153,-0.0074047551452381954,-0.012748506941945958,-0.023933680409279234,-0.02347888935840825
0.0009566474281041959,-0.0035861486811156196,-0.014746036784635153,-0.025840479270959005,-0.01884328665396806
-0.0012534236735706195,0.0027495686610674586,-0.005753203049297717,0.0030342732365797875,0.0027272148074248825
-0.004905990676333349,-0.004255008523829651,0.0012013421237753175,0.0075544415842196955,-0.002855260557584449
-0.0012877248265082963,-0.00012461853159762004,-0.005250527668094418,-0.009828203883184505,0.0026391657235720345
0.03567684588163167,0.03909161222281732,0.008820473088212655,0.0031505963989597596,-0.012026684211851713
0.011319997323877784,-0.02913231016257445,-0.029335631230347325,-0.03292968488659931,-0.04713456345754996
-0.006698941964922267,-0.003807215171823808,-0.0013489462426921062,-0.023088595465563966,-0.021865084842435545
-0.005019568175568034,-0.004355938782872104,-0.009697247694297473,0.0003825322764940964,0.001985230994291154
0.00048003838433574586,-0.0057054732900253535,0.005099418389633792,0.011668342515372965,-0.0013202811978580975
0.00746927653413354,0.010866892444245435,0.01083745097760258,0.02480443564665369,-0.004304318870020585
0.004523265717705671,0.011489420735170341,0.013344420310467564,0.008818299054824008,0.008309147278090734
0.004991970504266696,0.005179640305015276,-0.004466518159992328,-0.01855618935464809,0.007861944135331589
0.0008220984440521217,-0.00595065242953241,-0.01430168881010796,-0.01735472422123907,0.0010808224627274488
-0.0034997081211010084,-2.0008012362016103e-05,0.0025009557603159482,0.0028157271218451907,-0.008656212442053501
0.0018129368029740078,-0.0013696997426364543,-0.001375510437517935,-0.00682582785244501,-0.011578450100085735
-0.00882141249824031,-0.010371374532171185,-0.011927126300456448,-0.017158447614483707,-0.03057276064016412
0.006440815879437789,0.006118902649037805,0.0101812897716691,0.01856533995703802,0.01858024224346133
0.0001838072410571545,0.010877600638968365,0.012525133637156571,0.004106908966678535,0.020089842248632417
-0.0020865818384973034,-0.008173596604213795,-0.00831408958732549,-0.002651409985565123,0.008436859992830836
-0.002243903481094933,0.0011086825579087467,0.005049441586211234,0.013922007602865216,0.012295685760534303
0.0012723027105852047,0.002315176832439203,0.0009585667259344177,0.002239606917463721,0.02107110919857358
-0.00014405942827122598,0.01000931822481066,0.014812236513865207,0.02143604292675927,0.02156862369978585
0.0056576552037226335,0.006276222903189188,0.00996479400749073,0.017801566224038057,0.010688321416411295
0.00226935228391123,0.00189346311645755,0.005985626908003416,-0.0006668833617451408,0.013559479373833838
0.0036408319566887393,0.006332115197916988,-0.006612927751458608,0.0014944981190838647,0.01158255707034761
0.0013761559986193994,-0.012863589220572291,-0.010206034366224914,-0.009000097303057175,0.006574153650438008
0.0024095333919322837,0.004026923704904872,0.00908198820931827,0.011410862182489101,0.016510436101555115
0.001960729412463058,0.0016251108615055188,0.009165889724623177,0.01227473765199072,0.014768037150868052
-0.00041245351899255045,0.007276235386080687,0.0058398440860158995,0.00840547856420737,0.01286698659638974
-0.0008466963413615858,0.0005801462332735152,0.0015451944297075748,0.0017595518315911551,0.006832009846100107
-0.0028144257870791334,-0.0006756915714984935,0.01841408772037134,0.018605044034055718,0.04132299328592892
-0.004526342770592939,0.010104229290457845,0.012425771874635894,0.021903763252941966,0.027027216590935543
-0.0023131655561194897,0.010791504339461078,0.009361665458946344,0.022728187085639284,0.009491129815763388
0.015279546243778253,0.025749531195740083,0.027071999073966957,0.022453362657715026,-0.0003704363931009702
0.0016088809996759323,-0.002003341645182677,-0.004496896439992737,-0.015054331318766434,-0.03180195821534737
0.0012696652511681172,-0.015449245146354929,-0.011072156339208328,-0.0329948900029825,-0.010646086548976696
-0.0009347921858962049,0.0031277382973358137,-0.0026053367774777625,-0.0029141565872241593,-0.013405051053946071
-0.0016034484994184028,-0.004677400838526635,-0.00419494485327454,-0.013226190846820196,-0.04982246733778295
-0.03019162059509317,-0.02754327110615773,-0.04544003754161108,-0.022891583933363657,-0.025809857605842423
0.008595534278784456,0.0162700967460514,0.008586391671298488,0.012808233832301674,-0.042287562579142124
-0.0009763436405596515,-0.0025916573993819414,0.004185900380836216,-0.014989374927915744,-0.044202790272379056
-0.0037467908592651034,-0.004723088442301404,-0.0032526161310612034,0.0021923148342268828,0.013127101740094016
-0.0005367810808807327,-0.007395608273407905,-0.0003944191563495236,0.024004744606716644,0.01033735932982438
-0.002281601573863812,-0.003477345637176943,-0.008173332220296814,-0.0011004135509711244,-0.005051361912817076
0.0020599262075018387,0.012735187580138252,0.010015744303640162,0.010007042085155238,0.0411330492136146
-0.002072340306427889,0.0028155244163192705,0.001449186147084669,0.0025324741728658395,0.03286010265727879
0.0028146190592699405,0.007523228060641651,0.005514826156748143,-0.0037239118634693202,-0.011991788403344583
-0.0012508343450884363,0.0018240280091481598,-0.011997018381003421,-0.00880370443572287,-0.02904821978146077
-0.009235966299565912,-0.005676119274232949,-0.012327089743221165,-0.025381694798286336,-0.02026909739195437
-0.0004773266447009039,-0.0056222219634959325,0.0017569443635925275,0.011584166689135866,-0.005774467049082466
0.004053098972914615,0.007939046530666571,0.011082310226499192,0.002060313180094475,-0.0010038476757772141
0.002789620874251275,0.00711760060883182,-0.00892310839103072,-0.01392757589012572,-0.017727272347272116
-0.012903117771607242,0.0108589992837409,-0.01786715771706715,-0.013007244560011344,-0.03536140645824781
0.0013986420715734749,-0.02841757062178052,-0.026209620725419214,-0.032816378645960986,-0.060919456150450024
-0.005320385479848588,-0.0065334277533175555,-0.005271073616798572,-0.02599528310600696,-0.02568739185319746
-0.011477219601250921,-0.00048319679111441527,-0.0038529487874527923,0.017611086661151854,-0.007536456784359213
-0.00014542810168205467,0.0005279878588591025,0.018388756797774075,0.032822170228911096,0.021224889338560704
0.01035879020142505,0.01785134364620533,0.02691449821080938,0.02615922479680255,0.02888955253523151
2.1404911356937006e-05,-0.004273622802431598,-0.024806088095586265,-0.00936466096402111,-0.010965767926114256
-0.0051094389401872276,-0.012435725336404135,-0.011607095276825796,-0.017273076064139747,-0.002149540909544001
-0.002540452727709086,-0.004696960538856043,-0.00303839816290008,-0.007624405555441416,0.0029003785916190683
-0.0003707999423774311,-0.01314708065147574,-0.00938778460384948,-0.019263078539605294,-0.022161086567766053
0.004033465662010682,-0.007675091322284167,-0.021288902931086096,-0.027294516513506673,-0.003546045603258774
-0.007842587206444707,-0.018806992970407,-0.02479883825868312,-0.025515567688124796,-0.013299312746307246
-0.012335362578334896,-0.011040439953958314,-0.013962757385854951,-0.004923903312444078,0.012635861363345713
-0.009498628918856111,0.0017510332533061668,0.006173660098284461,0.02021077933552351,0.01770333102915367
0.0032342143069385987,0.005121646543162717,0.013950990563465826,0.010723148739602895,0.008071133699672606
0.010098849440633995,0.00878435366571706,0.00801092315281915,0.00845650630977568,0.004369923136905429
0.0025902604470666724,-0.0007666955877017045,-0.0031834298244229897,-0.002457774762978926,-0.013648612579072794
-0.007352217334204214,-0.005931216740506562,0.001577497077615897,0.008410158604929663,0.012203608335673799
0.004758614191035626,0.011002946257499202,0.008895285359801441,0.01700851210855303,0.013597399252442077
-0.0030449029763854885,0.0054192677970155145,0.005391320947627287,0.0037618122927203235,-0.006657706790048956
0.0009703281270474484,0.003074726711800535,-0.0020734968087551264,-0.0035537042397694174,-0.013819249504882558
-0.0011364070631197931,-0.0015254606752908018,0.01470605010407211,0.015067523340184241,0.01500626084338541
0.0010072593280923137,0.0025770458651444006,0.0007440110162122426,0.009074190362624357,0.001306659214377115
0.002841682385514188,-0.0034861513276382983,-0.0036390733162495748,-0.007697680926172401,0.01397446070898889
-0.006384151813323524,-0.008365758564138015,-0.005765491488614494,-0.014725975965115823,0.012388628767867615
0.010214745359270028,0.009754148910723126,0.013196506287842968,0.023535222048016502,0.027446938117678954
0.00027478291377946995,0.003409104464520807,0.009367552553869452,0.0111627868900388,0.012034078881969501
-0.00024909069848266796,0.0025309394185102363,-0.0006428587976370359,-0.0016883122900497316,0.011638433916367319
0.000487385491386938,0.002190525628669171,0.0036753749200253427,0.008523997960230734,0.015350500649794263
-0.0011574305065228385,0.0018345292631982701,0.007492631407097994,0.004065222093426746,-0.012577445965599732
-0.0005993933314274447,0.00031221980452644793,-0.0018902022039744004,-0.00692787176091747,-0.021608871172965616
-0.010948035019116231,-0.005979833511859933,-0.005457016050936958,-0.01891183927544493,-0.009840249818347857
-0.0007587673230184944,-0.006140690514275904,-0.009297408094220194,-0.0007134238353411204,-0.004628908738303905
0.005549643177641839,0.006224805207754702,0.006905642209022345,0.00582885631668173,0.013993681181716067
-0.0017428071828092806,0.0006026726242513991,-0.0010694009917139313,-0.0031037662783682807,0.009444368479737397
-0.002483426569474978,-0.008953449737243546,-0.0038453297169012135,0.002811210939707376,0.015850144092218965
0.0013288120126755398,0.009654103532278802,0.0059949673194441555,0.012940756203880133,0.01877207361072819
0.00025519357179693003,0.0007825681875901491,0.00804768592143179,0.013803656372744832,0.003955141314562427
0.0013897300878267238,0.005918379019431708,0.0063945676176557775,0.0057568198052389,-0.019615619191006628
0.0008080653954909423,-0.008515338630520675,-0.0006336956030342789,-0.007975691132915297,-0.024917832995272504
-0.0005841427911791319,-0.006405710611918414,-0.004931368445420192,-0.010179981625821233,-0.04397752062354754
-0.002895610086500078,-0.008943468751322903,-0.005274624296216834,-0.022252952714239327,-0.04049553106523485
0.007624150406263075,0.00198984639108013,-0.001835549492912536,0.012161247850068335,0.024479568234387017
-0.004634677827598743,-0.003817799050330528,0.0059012637376543164,0.007170856534403969,0.028985630088489867
-0.005080331766034507,-0.002950395530288863,-0.01024260398896748,0.012170314177196717,0.014124462819482542
0.0008604024390801435,0.008155212483872853,0.0056463156830086625,0.001486212875995374,-0.007158671591847021
0.0007391518184565182,-0.0030573881530695513,-0.008852863942936828,-0.009836489926226322,-0.016371117534550006
-0.004392644801370249,0.0004287361518406918,0.0020803068059638274,0.012453329510806688,0.014478746221206151
-0.0010863226760733369,0.004665561499151094,0.0015609199007864394,0.0009147980430090907,0.009771209466842512
-0.0018146518913306764,-0.0018715368172667057,-0.005634383652055042,0.0031343366651059856,0.00889682517036916
0.0005062008472767054,0.001408146793450138,0.002977441805507741,0.005787989793373027,0.026757209465697818
0.003405305916185153,0.011107167820227692,0.008400694627074046,0.0052960213269168666,0.005557716049286565
-0.0030897404066319023,0.0013131838119673223,-0.0019365830781539195,-0.004596032994013677,0.0010455019448811775
-0.0008109118319260533,0.0009510373964829455,-0.008474737847873115,0.006630213055291323,0.005255786221518344
-0.0002915122843850648,-0.0010081085055193562,-0.0023812721732102693,0.002547517439623226,-0.003501133593492911
0.0003450194602145906,0.0004592145114914459,-0.002192484126855354,-0.008601512934458766,-0.01013112673892358
0.004397537148017383,0.006176263579892316,0.011561721807185954,0.013854932545220633,0.018772405111786128
0.0011316622009440724,0.005239220380017118,0.005658093385743301,0.012300890877684711,0.015720207282075016
8.400184167056679e-05,0.0013785012052107692,0.005617051702190956,0.010622083796008042,0.020518419413373845
-0.0013274251434806095,0.0012710588040651949,0.0029075099311812735,0.0033777668628007795,0.004006632052316661
-0.0003214237064511627,-0.0028097360440665353,-0.0012106745327189472,0.008978521246524984,3.7563717160571386e-05
-0.0010454809360892492,-0.007450609182147017,-0.008636632405566003,-0.008825062232574732,-0.01311021164424575
-0.002417103092222206,-0.0061270852401867915,-0.008445063893078197,-0.016226385915019015,-0.022406898564177546
-0.001571319776144664,-0.006661643384173632,-0.013541410447724833,-0.023053610610321407,-0.014959923620267324
9.927178128599223e-05,0.0013203455619394955,-0.006656523539705361,0.005203962606688206,0.005024801517627742
-0.0006179213945983753,-0.005926464871371828,-0.0007771199163852938,-0.0004394107694921656,-0.012363898556047803
-0.0007499862953471714,0.0023327143270306383,-0.008679386254877297,-0.011929729838323633,-0.003736633457666505
0.002946793513633139,-0.005464412224945536,-0.00825336158309442,-0.009815362884799117,-0.00351737221829862
-0.002012206149267115,-0.005589011913244013,-0.0018759587399800326,-0.007612290387874254,-0.0010061586585963234
-0.0023334391445993807,-0.004179589563667818,0.0016596107259210235,0.010291582435329794,0.00823104725308399
0.0023541211049047384,0.009564161640362556,0.011090880218417976,0.009466653665603397,0.007811737174218791
0.00019287677629598043,-0.0038327811693720237,-0.001606410051353424,-0.0027995127249296203,-0.000793572208392046
0.009159131712042523,-0.006666475449611409,-0.007519877317060053,-0.00427250701534132,-0.0016335314022077885
-0.003041586507731786,-0.005181384292951563,-0.008177698193670424,0.0033581555514767825,0.0022952669027098693
-0.0031140503908416717,-0.002948124035228039,-0.0013136830438881253,0.004925625024529978,0.0031028431041071336
-0.0006164482666403126,-0.0021282137176799054,-0.0023505566737511696,0.006162072993933565,0.005632935943811868
-0.0008616321617632705,-0.002103921487260796,0.001250705100976246,-0.0005258964378841435,0.0030020593134008067
0.0020975808540959484,-0.0003702669035682282,-0.004658107512550358,0.00043467773004302046,0.015668006453735783
0.0009484622358602035,2.834228328474353e-06,0.010315943929144256,0.0029401882976496374,-0.0010990557221562947
0.0004801286273168337,0.005576293005997046,0.009720818510351892,0.0032850095242034083,-0.002919241891544244
-0.0003012380279279192,-0.003054283388939538,-0.006373849947595711,-0.009555324200268722,-0.024196513953160692
-0.00503789366376306,0.0032020336673166394,0.0038130109360525744,0.00011528308025510192,0.024318988836424582
0.001253288109397177,-0.0002160841567926397,0.009121678636691666,0.02424756961217356,0.018493991846286084
0.010416725642671265,0.010669637488397887,0.00667632247394967,0.00936221762601619,-0.01034567021536803
-0.0005118000520102362,-0.003951157595247556,-0.0072470473407062475,-0.005565322179696519,-0.02460685335118573
-2.0581837719912954e-05,0.007535684290999489,-0.00707643143149006,0.002655127712893224,0.010723655530306742
0.0020756527393157587,-0.002389121270027217,0.00921933846312828,0.013639760412775592,0.009106956257467713
0.0005049898394904329,0.0007122771235539282,0.0003794545866881993,-0.003966713169507474,-0.010741483684713726
0.0002707565550477131,-0.0006651308821015167,0.0023555797251926247,0.010905340531945473,0.014864864304499958
0.0013668345782453795,0.00290814066873768,0.007566120574112212,0.008809976412375686,0.01534948986355289
0.0007705920405005617,-0.0014596653072703747,0.00021379834059920277,0.0041906904795387945,0.022134720855013335
0.0011864118285054293,0.003208647604049819,0.006675193263112167,0.01734993795323736,0.018241855435429333
0.0018149451041900022,0.0020837553215324878,0.006794801702890485,0.017869146314138495,0.01833970370966842
0.003186280132651209,0.004701250126389223,0.015397625547430849,0.010875321909322944,0.017365249606869027
0.004574069133276071,0.008603098305927093,0.010363232954121004,0.004849302968588098,0.008839448382722548
-0.0001568218246106312,-0.004801606956138849,-0.005071288901271287,0.00046229655082274945,0.005467481667216889
0.0035639578655088933,0.0034024992720997904,0.0001231790063624949,0.0029180165656517154,0.0027264047779766987
-0.001931465940556265,-0.0032682002168783475,-0.002845355700898833,-0.00113213209117069,0.005005933463369416
0.0006334964654703956,-0.0017455138662315628,-0.005807504078303438,-0.011201740076128286,-0.010100598151169149
0.004467601695285595,0.0052895748678289944,0.0018733342071919346,-0.0011087080001747074,0.010671997203652861
-0.0004264809346724574,-0.0033982652820070403,-0.003553102309244882,-0.008831143430699573,0.011471522210964036
0.0014519407608168944,0.003032942922595483,0.0008657868981170047,-0.00539369104851628,-0.0027156669785650678
0.000610000241850539,-0.0013946701564772068,-0.0026818512835532493,0.004089957568705671,0.0002122908330668416
-0.0009063516804934668,-0.004103981798105449,-0.0035612402313200953,-0.005103909610803314,0.0022779104182319987
0.001307843315556445,0.001684951510839916,0.0038058507935319064,0.000583046713274582,0.0020968285468228043
0.0010076145727260233,0.002675390417237855,0.003680332272264497,0.0030736253544692005,-0.0006414522478892515
0.000967574267322524,-0.0016606026681593722,-0.004030226700251771,0.003451814534938036,0.0033132088547707106
6.39003155078477e-05,-0.0024042493709813817,-0.004225408362953709,0.0011528681922867712,-0.0037727811281067503
0.001555776585163482,0.0034227084873594826,0.0027339116744409253,-0.004919977235132378,-0.004180650926285612
8.483045837603953e-05,-0.002613838498713106,-0.005023553706958506,-0.010301598789045352,-0.0019272419762317305
-0.0003477427020134316,0.006125013501373955,0.008704105207973933,0.017126328074164032,0.02114381004818333
0.0014174900488015396,0.003972633550054283,0.009676592584068722,0.01353153784593819,0.017360330154877923
0.0018788504756814817,0.001946323006575934,0.0038225783849152872,0.005548318117412743,0.008286145813329426
-0.0015853846549154227,-0.00021069941929174885,-0.0008196721311475308,-0.00044709388971686526,0.009728146359011314
-0.0016375068765005496,0.0011413705701197596,0.0031824701932618993,0.010179791571338193,0.01700744975655888
0.0041657547981250875,0.008074489904979165,0.005700238697495363,0.006758854455601648,0.006672332975371953
0.0007613092488922835,0.0020631480644979217,0.0017104081125112192,0.007981058625887494,0.00031721218703850695
-0.00048363858271116555,0.0017699652843716773,0.004286911625810408,0.0017142582224889402,-0.0036969231976866634
-0.003210086828565273,-0.002638116883444175,-0.00479497271174234,-0.008347737569102565,-0.0018670913186552562
0.0011094431555698225,-0.0022567943916259603,-0.006065292877829864,-0.0067173118621965955,-0.0024539164101552435
-0.0020499883724457435,-0.004271862329757403,-0.008740887536272779,-0.0044033042475960515,-0.011402586372506351
-5.57515306330858e-05,0.00036238494911389196,-0.008887300814986121,-0.01170782143291571,-0.009741312897863286
0.002523643157881228,0.003217261104925706,0.0020603780345784806,-0.0023649556570815022,-0.004366465747814852
-0.0015134886807381953,-0.0005589443863097676,-0.004170388708813033,0.0013935325795666476,-0.013817921951966516
0.0008472146857372298,0.00046839966009026845,-0.003616659670533151,-0.011167364573628213,-0.006867302120340257
0.00011256795650793627,-0.004083146786056924,-0.0037377678285897,-0.005802366485449406,-0.009192196993923929
5.928048950232245e-05,-0.0035748712582411857,-0.006853340068971647,-0.0049202806286825496,-0.0005670307691514331
-0.0005251195032988099,-0.0018456406071823972,0.0007876792549481593,0.000311467940682153,-0.004666870879806884
0.00613853492947225,0.0007792107597948128,-0.0023504905427473854,-0.009237376399943376,-0.005212739967339952
-0.0014958652027884378,-0.0023759368401066183,-0.011371654509020002,-0.008749400242725303,-0.0020192897334382343
0.0005690518561436431,0.0060681620659686075,0.00426530232173139,-0.0023951909944959215,0.009190187476720402
-0.001578929773626725,-0.004950227710474708,-0.008442388349863994,-0.0026949811119881817,0.005765408065913968
0.0011482439300700698,0.0035805731480083036,0.002186276947208965,-0.0001050848239572133,0.01705962410389561
-0.0004750254113057295,-0.001389321633065932,-0.0003575460085095683,0.003069787873060781,0.017956471327363888
0.002765268231018414,0.008127594828311269,0.00978930440123671,0.01685921598911233,0.02375582044361546
0.005639026605608777,0.006158775814000483,0.009103180310083392,0.008469893653256566,0.014373840971880547
0.0004914916772404965,0.002926381568059133,0.003545761385805868,0.005208307212389629,0.012480377947069465
0.0006306725563347548,-0.00505046651967922,0.0011087630425881123,-0.003567877405392661,-0.0056455365929949375
0.00333039399864532,0.006190494447213313,0.008687650960395699,0.0017636008127899228,-0.008654423698705394
-0.0014878643678102321,-0.00547584954512037,-0.0025865949778853814,-0.007563946375842234,-0.004450876313962238
-0.006887045322516383,-0.005144263598283794,-0.00484870412458327,-0.009134316493237815,0.0018676301226063785
0.003236916715284366,0.004326977205965088,0.0061539800002046174,-0.001407355093601903,0.013799756399627272
-0.004361548184298902,-0.005533952681652687,-0.007515087396270159,0.0014165494686031455,0.007057315575177636
-0.0005879428812227694,-0.0010042972820888396,-0.0006333633613173628,-0.0035781244874424356,0.0013499976028079619
0.0014204617258863905,-0.0029015837389988475,-0.0031770825434858097,-0.006301087335648381,-0.017417084969897245
-0.00038736661370897263,8.898962747383443e-05,-0.003101550251657481,0.001112370343421487,0.013165230182140775
0.0017584594741917314,0.002162040337120974,0.008724160342152842,0.014030986624177233,0.01888968090905263
0.007554738512953518,0.006547963044802874,0.005617022611915434,0.015483422199791264,0.01719886299747131
0.00042866829647225657,-0.0009248843245098781,0.0052609290930678565,0.0055493059470581585,0.010376370764302534
0.0007681544378377314,0.0021699716274270475,0.003145036351550834,0.0039390545751745165,0.0014431992468466603
0.0013761088907477959,3.098181367522379e-05,0.003149817723662851,0.00420578120643178,0.005331453769970462
0.0016178728578641888,0.0017106171618181953,0.0012108284127327895,-0.002486062592100269,0.011103554167825935
0.00040634933698169284,-0.0004989352618638421,-0.0010184451737016431,-0.0025538284279938983,0.011192609585729318
0.001847296898980444,0.006278776667649089,0.002706150202770763,0.003229593340583481,0.005399595475011898
0.0007044156001543289,-0.001259868761566696,-0.002019829677862406,-0.004920810052692293,-0.002885831652245985
0.0009203211397017519,0.001015096758424594,0.010540046440053352,0.024858647152865787,0.04247194766390572
-0.0002761708906017235,0.01323647625670099,0.01529049725555165,0.025876226124780022,0.03155499006277962
0.002601111847809534,0.010666744384294269,0.010426305473992592,0.013894454604405304,0.016221126079849935
0.001217710223471391,0.0039010044906071517,0.007402523018573692,0.006769602487401549,0.010042499530724225
0.007285410994003927,0.006548604436425576,0.013460889032681722,0.011680273185200596,-0.0014216588066096048
0.0004903547916343953,0.006867313278057008,0.007001046403048106,0.005851410767159004,-0.00614937755441991
-0.0004494654156158573,-0.0016371719542896956,-0.0032673573995282146,0.004429446738348108,-0.004706578264038752
-0.00040580629512854127,0.005636975950146672,0.004426553725022098,0.015322685971229655,0.013953672780192994
0.0011447173500140906,0.007602037736199607,0.010848112493440532,0.009522283676284049,0.003724394785847407
0.0017787575390093568,0.0024230681611603355,0.0004257052324925237,0.0006374072940564801,-0.007340538873791047
0.0013815297971380147,-0.001434400321820628,-0.0027147865065225707,0.001903338888569639,-0.008238606976610607
0.0002374289442017563,0.0011249060657332333,-0.00482003808083642,-1.3830812283566196e-05,-0.001546745840383168
-0.0033605465382683386,-0.005398079555983815,-0.0016387850402667103,-0.006963107744930475,0.0051445403795711275
-0.005234260276882563,-0.005225024705154402,-0.005702965542081828,-0.002267332859240745,0.01917766469333282
0.0018651967250291612,0.009990141764207872,0.012625947061736698,0.021493730995126414,0.002351166095074131
0.006111566951827463,0.008024574258738149,0.009615318685990415,0.007210917626408131,-0.019118645307418247
0.0004918437795362607,0.0018495139359515633,-0.001851780497147515,-0.019351899491610203,-0.019580822172408086
-0.001453057900192456,-0.002408651710350873,-0.013783225973641233,-0.012443543610247243,0.005155116244632163
-0.007804690236135392,-0.011402037801141574,-0.00859327706534374,-0.0135474578511936,0.005745086988085513
-0.0037471941993157953,-0.004002214773273005,-0.00728301999499148,0.0009626452296218613,0.007535743086300339
-0.0003203835382789011,0.004201864678291312,0.0017240783210981103,0.007078401770176601,0.009805119221859782
-0.0003841111392229868,-0.0026243761069070226,0.01473422729259144,0.008503346597051209,0.006863399038572249
0.0021285068867495927,0.003691700654115504,0.004142577919373114,0.0027075523086290687,-0.0017600234364629763
-0.000626722909844557,0.003205306099794525,0.01225462988658843,0.019254962905404183,0.02208793546835386
0.002447252558751112,0.008025616101549504,0.00887186231345427,0.01389902224255235,0.016426325118645835
0.00579192872595824,0.0062802946626625555,0.005778236223060063,0.009491186592301304,0.008455120539667238
0.0003537832125328766,-0.0004989250433157233,0.004658145631684318,0.005098106806244562,-0.0037487413481862575
0.0006771978456079353,-0.0014604900203609716,0.0004379212734930693,0.0027607098839284028,0.0038284251538369674
5.402472982019013e-05,-0.003952809398502177,-0.0026156973354551916,-0.0022037587705772133,-0.011241645863394045
0.0022884317984748215,0.0013922783305173603,0.002449337159305287,-0.000820170380898877,0.005622748442346781
6.889133835863426e-05,-0.003642351728061488,-0.005473527947660428,-0.005766871710994215,-0.017653961029725496
-0.0013224763884289725,-0.0014526683644918714,-0.005742151365302761,0.00810159542272415,0.00608247775887083
0.0023756972774007235,0.00350546319263656,0.005698940161128263,0.0036512394397636427,0.017436205808727845
0.0013591835806987529,0.002402436529763241,0.004841239175398249,0.002102416073823221,0.021340091369866254
0.0009282416968892093,0.003420196179003021,-0.0003177355441674745,0.005244906018365025,0.02145849692931301
-0.0011467993666590681,-0.0031802759556660565,-0.0027256276860438966,0.003788735580185554,0.01581090251074424
0.00859552860692303,0.009859310956020773,0.006906717489255643,0.01573058601971855,0.014222638207825433
0.010541607353753424,0.008680267098958527,0.008763342598870905,0.008235700910237842,0.010703267786015491
-0.0007673675290098547,-0.001109902599930157,-0.0020930227385456135,-0.0014124011041195539,0.0015547533413851067
0.00045232095812619555,0.0030338600849921793,-0.0019151931300169789,0.0026653839873966856,-0.01441910956758119
-0.00040255789244447726,-0.004934083894824637,-0.0010316920850079736,-0.0031588695822418744,-0.023255967425807378
-0.007778533145720856,-0.012067567537046187,0.0005397994836897624,0.006978997508791496,0.014073182355106795
0.0017603903241083518,0.0006724333598433496,0.0034783346886253508,0.0023121877987972717,0.006945499387884357
-0.000987215010992526,-0.0012512118341567735,-0.0025534482643874146,0.008390218363086621,0.006355889902232459
0.0023486993004528944,-0.0019348703702888326,-0.0013339379344653457,-0.013187495322412368,-0.0209115682795723
0.0029729843321071314,0.003939646648424722,0.0016855759382929936,-0.004997002683206908,-0.0130444111655027
-0.0014602613170252576,-0.0008100062775486805,-0.0007650059287959143,0.008154063193989813,0.014591363083063857
-0.002831235326947845,0.011914687852350836,0.015656527997143677,0.015254325372884736,0.024690270085840904
-0.0003424946957800712,0.00109865181633384,0.0009674363160026012,0.002855605125855698,0.021236895129903344
-0.0004504004792439398,0.00047924385968811656,0.0018326640189922916,0.016835659293115368,0.023640478356371064
0.0017386789530402513,0.0031217686095368347,0.0013612743622299917,0.001655780834827647,-0.015759368578122768
-0.00028602569464153405,-0.005079122941210712,-0.005616504549325274,-0.013436707064184539,-0.023380433675625145
-0.018517324530296975,-0.07190292589201663,-0.05652340240793996,-0.027030221752268546,0.0009907714262380463
-0.0009440709483622411,0.004594918741678944,0.020641924232254638,0.025853019816687528,0.030478747400503936
0.0018951371769555525,0.004039804334077468,0.005143329160159471,0.003721438497313212,0.006455512676553088
0.0034271364207105748,0.005697825329999073,0.010665484895487243,0.018566469353085813,0.01843352009538579
0.0029633259616672625,0.005451263235491055,0.007137112987535055,0.004774829111379164,0.010464833802439344
0.0034842404481230105,0.001352311679625462,0.009439010116210955,0.006550455647521103,0.014480394615834946
-0.0003129975356660486,0.007148863714613096,0.004127394170316601,0.006539561845183117,0.013104163493219412
-0.002079972128788299,-0.005047509632572833,-3.940126664703225e-05,0.0011239729748784288,0.009157683869121414
-0.00011711743179954048,0.0002260160964555613,-0.004164860250138069,-0.0026505524038866746,-0.005058651177030082
-0.004903260277632215,-0.0021104980323253253,-0.0018351263319051903,0.0013213731594792222,0.01248009206456846
0.002892881714415152,0.004399548408302589,0.003811580918005042,0.004620036217164003,0.001602619721817966
0.0007282047109555823,0.0005471705789024117,0.002971807493592493,-0.0017757617672186088,-0.00199137545258532
-0.0009843695882458814,-0.002959185120220642,-0.005260098396449697,-0.009588488952172902,-0.015834982388696295
-0.0029510309537049695,-0.003342494243482097,0.001194464909832993,0.001194464909832993,-0.004731687046178545
0.001042996711662969,-3.311100671954392e-05,0.008083224515389453,0.0037663770143392394,-0.0005711648659109114
-0.00023799324099194052,0.008116604271047434,0.007907584120263378,0.01011160848249304,0.0007533003454005538
-0.004878739323910808,0.0006996005506532121,-0.0010401685606487021,-0.010182162853057175,0.00752121882315282
0.0006786096497883864,-0.0017385528187926491,-0.0037764319483681863,-0.009154054641402953,0.007458555607037898
0.0010613613538161815,0.0011571079634695725,0.006663556599487919,0.006093151265383012,0.011793130282615527
5.8686633613413974e-05,0.0004836588080543436,-0.0005666295659212395,0.00472123849033701,0.011124152585247238
-7.397115125096221e-05,0.0011235618108937917,0.0017153310209019335,0.004460260498405644,0.00945431281800091
-0.00015051770167384682,0.0027410065673250106,0.0011704731801220891,0.001023916470597408,-0.0028756803004017506
-0.001770715993755001,-0.000806308175727799,-0.001622497579099158,-0.0065749688741328915,-0.014396948676903665
0.0005191081721602764,0.0020105458821744193,-0.005682237915261568,0.01485448000335432,0.013714438594494727
0.008335216941673496,0.01318792543711389,0.015554270923554991,0.01512820871847298,0.01512420813438764
0.00033889555514843295,-0.0008708827638114203,-0.0009181705156926512,0.001418632556434929,0.0026027966764592403
0.0045939808918435965,0.0080448219856748,0.00904774702141009,0.011626140705514043,0.016058485135287848
0.0006320733746338902,0.0027641129227111705,0.0020991794643805406,0.0004987000937479724,0.014284471677507238
-0.0017875689633816139,-0.001585562236176341,-0.01301990528552499,-0.01577177051273493,-0.02926810675864966
-0.0005334872749350739,-0.005836510037722231,-0.003394014193150219,-0.006855709607747507,-0.0018154492341072581
0.0002977017028937823,-0.00014984985044985688,-0.0028990951067030535,0.003054938951170927,-0.00039760160319357585
0.0011172872822433622,-0.0019975742318899536,-0.0031905422926098437,-0.00486348581682472,-0.01133419237655564
-0.0027026811871100342,-0.002031986371162864,-0.0028081613807158234,-0.006169596229779639,-0.011159008406572468
0.0012438842358404312,0.0028437418464903885,-0.0027203647109030893,-0.007345996007435129,-0.023591326385110634
-0.001137013108973406,-0.005503305012349635,-0.009756501473270118,-0.012608122272329658,-0.01882433248444426
-0.004878018723376232,-0.002060064328230138,0.005354524131301774,-0.0003984571083516242,-0.014245868574879195
-0.00042554062071653576,-0.004308598784754203,-0.00829395036723335,-0.02110722396121023,-0.0006649072198694483
-0.010211816530556805,-0.011147593235437903,-0.011151679596594466,-0.0128965558104992,-0.024552901009944228
-0.009060481243158724,-0.015682900028893942,-0.015604865157851755,0.005804107165077621,0.020071834262370247
0.0009863666347527111,0.002349082803100977,-0.0007568347763513561,0.005864435589431505,-0.0025372575698987543
0.002031775161138949,0.005353891402436695,0.002828509574126059,0.008968894587326304,0.009761532679424034
0.003331786675714987,-0.00047626153094570967,0.00026981339950582495,0.011841128964672931,0.006050361079825928
-0.0032552574344004714,0.00011618639559229926,-0.006583895750227775,0.007248400398702781,0.004967478001023373
0.002292010214657969,0.0023204068013882306,-0.0026733358078929736,0.00023731433196028107,-0.0012981296790982588
-0.0008547355598416129,0.0013399654857375598,-0.006482590599939164,-0.016684600548167783,-0.027148512841335792
-0.0018432210076695377,-0.00011783147994226528,-0.0007322384824989259,0.0033245310412304274,-0.003465507990447203
0.0006720118644854001,0.000853181207261855,0.004657737405570739,0.006180823857053097,-0.0008616076883213308
0.0003984021975027563,-0.0015747371069709803,0.0015160252041812594,-0.010763149893584734,0.003992409389710794
-0.005556911013705146,-0.0127123278451301,-0.007550836691597729,-0.001899277307106706,0.013715600575462172
0.003965888723438615,0.008445679118953553,0.018799534118647987,0.011293199859308878,-0.0014953696195653121
0.0006446997362969942,0.0023313174335126696,-0.000686293267671001,-0.012324163346116412,-0.01676635249685976
0.0014257058430213743,0.004661044367275657,0.006550482065440066,0.0007333433988310212,0.000662165951297311
-0.004526022484250047,-0.004320099186388537,-0.004847777637158823,0.0018039738906419078,-0.006237759897724793
-0.0036528389796031124,-0.003021193317831239,-0.014099615873790827,-0.00802725283384087,-0.011742185793753857
-0.0025562965734016174,-0.006856206705279866,-0.009169558356230345,-0.0005052394404957417,-0.015946216724070372
-0.0019352405581596344,0.004290717094983965,-0.005333764344593539,-0.01575561661548408,-0.0018059371801089075
-0.003198156483535386,-0.010587297826976427,-0.014259255271035665,-0.00651476320720179,0.001957659423255098
0.004336553093386097,0.006678988398849839,0.008350912483046757,0.012278192493322182,0.02236416161062027
0.00047955339171124045,-5.376159099901301e-05,0.008317993359368447,0.008440569786846153,0.013530717222633326
0.002870199186705946,0.00576172229010341,0.003087703136961384,-0.004318093130073808,0.012591772806461954
-0.0057626378379296295,-0.002658700459442165,-0.011037635240714105,-0.0032417488058109623,0.0014162774377250997
-2.317438514143344e-05,0.00042135245711683034,-0.004919289936839322,-0.0049361440351238794,-0.01908937306967906
-0.001424359363482619,-0.007329922386506538,-0.01131465984477309,-0.00765295061353688,-0.00486493517755715
0.0021741322100317095,0.00453893932154803,0.006943196412681818,0.0042781311229656005,-0.010743544449168807
0.0005209502655973974,-0.0028379801079826406,-0.0026418063677995374,-0.00706879377126568,-0.015087940328307625
0.0003672716197573589,0.004902180339323214,0.008169554078506724,0.010158195531827285,0.007826916530806027
0.002395989728922965,0.006041285089314119,0.005104305865712977,0.0078103910995896975,-0.0020189671365692385
-0.003906664544200411,-0.0027238317591709027,7.51706816655151e-05,-0.007203120025469634,-0.004225034490077384
0.0023611778739163203,0.01236224607879799,0.013067706386084899,0.019419074578504336,0.04021568836902922
0.0030121606105115717,0.005626944347478791,0.005901375889981519,0.01791708654692692,0.04008895972881765
0.0007318517159191629,0.0010661004100553928,0.008100615410830958,0.020507140469652185,0.03521626764363406
0.0031681536931960075,0.00744699435167151,0.007114866598947112,0.020231756157842673,0.013699191463022897
-0.0015061304214811777,0.007398009939604933,0.012130340184372645,0.013043859630356147,0.009218630662162441
0.001382392045538472,0.004893329641317834,0.0009025709532797244,-0.0037434500193409548,-0.006556850344435539
-0.000335427469611016,0.0016370548202404578,-0.002029441671483556,-0.004143267612051638,-0.019921016324136787
0.00014974610213114303,0.0027222500357602097,0.020629201830925536,0.04205853955085104,0.04390466313832064
0.0019661583766905633,0.022365051534854352,0.023721174165205472,0.02830521975550293,0.05959478704705412
-0.0004991922940136284,0.0007755691434887524,0.0008398428294131843,0.01932281244509948,0.03618180026309359
-0.0012534257200474963,0.0009080097212885718,0.00034541599875881346,0.00287708775014206,-0.005237085681782827
0.0016552478553744088,0.00040507307765080824,0.0011576453945041365,-6.579867251177429e-05,0.003108987276181807
-0.004417984760204607,-0.0020206445590000843,0.0025918297990819017,-0.0014310339885926782,-0.001017487685737617
-0.0019134545322432306,-0.005603111583868059,-0.0005570816992606087,-0.008487422265909594,0.010855019487767237
-0.0009655499079995744,-0.0034796232533567117,-0.0033885336393945087,0.011112932903390327,0.008898443177286719
2.4023591166377756e-05,0.001781749678184008,0.0020660288403211435,-0.0021901507280149835,-0.01524897449295215
0.007782461293924792,0.005595404565254647,0.006184923996257696,-0.0007625524380552307,0.0
-0.00031612898062405304,0.0005862391855877558,-0.0012945281674923148,-0.009127724111437363,-0.00992404901199695
0.0015780816596564495,0.010904948904548295,0.011186171149025537,0.01524871983183318,0.016764082861426166
0.0004841936774708788,0.005266106442576968,0.004017607042817284,0.005504201680672338,-0.00570628251300509
-0.00020102222788354052,-0.0012419591108845385,0.00024281892873068145,0.0023565378001402237,-0.018623415706005897
0.001090468660091659,-0.0004929240253181977,0.0026255749103683,-0.0007444158749703167,0.00045872113376543844
-0.0008696369869495291,-0.002457932317280531,-0.0009421067358619251,0.007190609530979719,0.01684720357356384
0.005134772656226305,0.010017445319511431,0.013103149233111733,0.007589218187501912,0.018435568283803994
0.002632415105115582,0.004040123717476973,0.014861380921928458,0.01250045247776832,0.028337174366832807
0.010116133371230296,0.013164584325797923,0.002465982650050602,0.010764654782444927,0.026145020596559654
-0.005646812152162006,-0.00033555248020922246,0.0023051859735092606,0.008343145099643179,0.012840342541502459
0.0018277907546733196,0.0021611988402161497,0.008019655200471654,0.016587052255763846,0.013100159361126629
0.005441842780647077,0.005845822375716958,0.011616393650391243,0.015216564747631667,0.0114243053135199
0.0023147280243904778,0.00703298438101263,0.010592890055352244,0.008291975412181296,0.005503645745971841
0.004863650415773302,0.006899688686991645,0.0088293961394037,0.00445998712215645,0.0027823230921000253
0.00017179279446355444,0.0008101592011635628,-0.0010268523850891498,-0.0034299993167331566,-0.004228445372819634
0.0005248353255453697,0.0009454898561322977,0.0038369983350730053,-0.0015548492228701916,-0.014648212906231306
0.00019196564990164866,-0.004401498115602531,-0.005608139343555862,-0.014483612401764545,-0.01258354423437047
0.00015909791482293656,0.0028975707737128875,0.0007298616842501549,-0.005109031789752083,-0.001221076496266238
-0.0018803927402559761,-0.0009203610036695453,-0.0034473866904691786,-0.009382128334820994,-0.005910939204601839
0.00012364390555186233,0.0005763401403957591,0.0022275845564772023,0.0030492182514358923,-0.01054762284620292
-0.0011141472787102868,0.0016502932858175612,0.004847238250131003,0.00019532456764492778,-0.016399291250854597
-0.00039748076689938294,-0.0036667600746468354,-0.010141721767437994,-0.012488845695978967,-0.012536543388006915
-0.007424124482312777,-0.0015608562986385577,-0.0038498440149408175,-0.01257132972485886,-0.00766951683854189
-0.0006784465995892663,-0.004377595916397636,-0.008755191832795162,-0.0017445769703725578,-0.0075154114394981875
0.0006600660066007347,0.000408225437928289,-0.0005422696115764403,-0.005796395024117773,-0.008461030718456386
-0.0006719775222503444,-0.000950107191580507,-0.0004344507243552176,-0.00916203793932302,-0.006236601052426405
-0.0018004177944680455,0.0005161468620709098,-0.005256976110935119,-0.006344135840100185,0.00231453258227865
0.0007170751482532545,-6.111435922617758e-05,0.0015869361945717309,0.004170036444529401,0.01593455059555926
-0.00019932392578636549,0.0030529103327083806,0.002579007529563082,0.015219805476119896,0.018099832811972583
0.0005951715942678071,0.0006073594084847755,0.0006317350369189345,0.0103758925034787,0.017631704567383277
0.0029830764684715128,-0.0001407111541732453,0.0040142882126266155,0.00657121089988788,0.0020845352411085205
-0.0024247310534041278,0.00018651777333889008,0.0003329241975724706,0.005659711358732,-0.00034495760230390804
0.00046999219334997733,-0.0010076951264198497,-0.007221151241894597,-0.00532525052973698,-0.019126292478531703
-0.006614802516496487,-0.004776570939763025,-0.00492824021177074,0.003680507667387367,0.005781632648934165
0.0022761451855464188,0.00945819615494048,0.00865138397756371,0.002749664675039787,0.010234524245010812
-0.0020289452104198524,-0.005500516806798861,-0.005851099196682696,0.002093420132697421,0.005792668798368705
0.002234670704011954,0.002931112793338242,0.004101942972495554,0.008472369417108272,0.014011607368155321
0.005432171240050909,0.004816980862754283,0.004352572440677438,0.005241180763439379,0.007911026583864
-0.0012224816577732778,-0.0004621820997474657,-0.00012805045187802566,0.005238063797136094,0.0073268867933964366
-8.360571544607787e-05,-0.0016760955334642613,-0.0018293726784485154,0.002504190238833637,0.009867465034895329
0.0023768109035455787,0.006082014868471264,0.0048965878764772874,0.007344881814715931,0.00380051467784992
-0.0012354255310752515,0.0028655557046661784,0.0010479408258798895,-0.00018748470519514004,-0.0054331094042329164
-0.0022424215004946957,0.0001612969851232382,-0.00448287596458552,-0.00525002016212317,-0.012840813644938165
0.0006956107966860081,0.0018267344399931496,0.006877473702887604,0.015537324055834523,0.009817185417578145
0.0005885932621034762,0.0036891828529814763,0.0060974271491136545,0.00042099382475879743,0.009818533704446297
8.349170251498172e-05,0.0023993924984693216,-0.004355483814537098,1.3915283752385932e-05,0.0015585117802816573
-0.0008535592630938282,-0.004520702763793238,-0.0038844849797279313,-0.007233519588394688,0.009723067439085131
0.003973631668592992,0.0075111807278864795,0.00546765459910703,0.010862954684563553,0.010067055034407524
0.0005200876552227118,0.007316289262235154,0.00894667640613589,0.015164353542731934,0.01198149500852197
0.0016689067017336967,-0.0003461579369761214,0.009307587433886821,0.0008102803105751732,0.0019338432233297898
-0.0038776496953137896,-0.00703771354894156,-0.008965985663632492,-0.003415248123532222,0.0007924143118083204
-0.0032292064637884366,-0.005041555394713848,-0.0065198484845575555,-0.012586609736383814,-0.01703108831169331
